season,through_week,team,metric,family,direction,phase3_status,n_games,n_opportunities,raw_value,ref_mean,ref_sd,ref_seasons,k,shrunk_value,z_raw,z_shrunk,oriented_z_shrunk,rank_of_league,percentile,confidence,in_index,shrunk_prev_week,shrunk_preseason,delta_shrunk_vs_prev_week,delta_shrunk_vs_preseason
2026,0,ARI,pass_protection.qb_hit_rate_allowed,pass_protection,lower_better,UNVALIDATED_RANK_PERSISTENT,17,745,0.17315436241610738,0.14499729036016004,0.03272124457668314,"2023,2024,2025",8,0.16414409935820423,0.8605134804686435,0.5851491667186777,-0.5851491667186777,24,0.25806451612903225,prior_season_only,true,0.16414409935820423,0.16414409935820423,0.0,0.0
2026,0,ARI,pass_protection.rush_stuffed_rate_approx,pass_protection,lower_better,RANK_PERSISTENT,17,745,0.24411764705882352,0.20453393402173106,0.032349993802877404,"2023,2024,2025",16,0.22492554376811202,1.2236080562578546,0.6303435441328341,-0.6303435441328341,29,0.0967741935483871,prior_season_only,false,0.22492554376811202,0.22492554376811202,0.0,0.0
2026,0,ARI,pass_protection.sack_rate_allowed,pass_protection,lower_better,UNVALIDATED_RANK_PERSISTENT,17,745,0.07919463087248323,0.06640532746445256,0.01878109141151444,"2023,2024,2025",8,0.07510205378191341,0.680966996422248,0.4630575575671285,-0.4630575575671285,25,0.22580645161290322,prior_season_only,true,0.07510205378191341,0.07510205378191341,0.0,0.0
2026,0,ARI,pass_rush.qb_hit_rate_generated,pass_rush,higher_better,RANK_PERSISTENT,17,620,0.11129032258064517,0.1441739694155678,0.023402668900553904,"2023,2024,2025",16,0.12723390892485006,-1.4051237905666527,-0.7238516496858518,-0.7238516496858518,29,0.0967741935483871,prior_season_only,true,0.12723390892485006,0.12723390892485006,0.0,0.0
2026,0,ARI,pass_rush.sack_rate_generated,pass_rush,higher_better,NOT_RANK_PERSISTENT,17,620,0.04838709677419355,0.06604664154487218,0.012051753475340252,"2023,2024,2025",14,0.05636237505772583,-1.4653091607634348,-0.8035566365476902,-0.8035566365476902,28,0.12903225806451613,prior_season_only,true,0.05636237505772583,0.05636237505772583,0.0,0.0
2026,0,ARI,special_teams.fg_pct,special_teams,higher_better,NOT_RANK_PERSISTENT,17,233,0.7575757575757576,0.8507127173905934,0.06913215135025523,"2023,2024,2025",16,0.802733071425375,-1.3472307456911214,-0.6940279599014864,-0.6940279599014864,30,0.06451612903225806,prior_season_only,false,0.802733071425375,0.802733071425375,0.0,0.0
2026,0,ARI,special_teams.st_epa_per_play,special_teams,higher_better,RANK_PERSISTENT,17,233,-0.01705296078533904,0.06223172610307078,0.09283786774459722,"2023,2024,2025",16,0.021388099524192995,-0.8540123638613389,-0.4399457632012958,-0.4399457632012958,29,0.0967741935483871,prior_season_only,true,0.021388099524192995,0.021388099524192995,0.0,0.0
2026,0,ARI,team_defense.early_down_epa_per_play,team_defense,lower_better,RANK_PERSISTENT,17,1102,0.12867757613112601,-0.0013076969094549817,0.06388279864549935,"2023,2024,2025",16,0.06565441344478372,2.034746063050553,1.0482025173290728,-1.0482025173290728,30,0.06451612903225806,prior_season_only,true,0.06565441344478372,0.06565441344478372,0.0,0.0
2026,0,ARI,team_defense.epa_per_play,team_defense,lower_better,RANK_PERSISTENT,17,1102,0.08965575343137507,0.004591155429042401,0.06774676986235148,"2023,2024,2025",16,0.04841231197569862,1.255625887037385,0.6468375781707741,-0.6468375781707741,26,0.1935483870967742,prior_season_only,true,0.04841231197569862,0.04841231197569862,0.0,0.0
2026,0,ARI,team_defense.explosive_pass_rate,team_defense,lower_better,NOT_RANK_PERSISTENT,17,1102,0.08387096774193549,0.07968322075124035,0.01121813986620499,"2023,2024,2025",14,0.08197972716549252,0.3733013708726227,0.20471365499466432,-0.20471365499466432,22,0.3225806451612903,prior_season_only,false,0.08197972716549252,0.08197972716549252,0.0,0.0
2026,0,ARI,team_defense.explosive_rush_rate,team_defense,lower_better,RANK_PERSISTENT,17,1102,0.12415349887133183,0.09995627452646601,0.020596023639878284,"2023,2024,2025",16,0.11242151131018477,1.17484931887604,0.6052254066937178,-0.6052254066937178,29,0.0967741935483871,prior_season_only,true,0.11242151131018477,0.11242151131018477,0.0,0.0
2026,0,ARI,team_defense.pass_epa_per_dropback,team_defense,lower_better,RANK_PERSISTENT,17,1102,0.16540004834329727,0.03612076420012932,0.09487757506079898,"2023,2024,2025",16,0.10271918330418553,1.3625905179419249,0.7019405698488703,-0.7019405698488703,26,0.1935483870967742,prior_season_only,true,0.10271918330418553,0.10271918330418553,0.0,0.0
2026,0,ARI,team_defense.pass_success_rate,team_defense,lower_better,RANK_PERSISTENT,17,1102,0.5193548387096775,0.45363962350332016,0.03204062541287013,"2023,2024,2025",16,0.48749291618538304,2.0509966444026,1.0565740289346737,-1.0565740289346737,31,0.03225806451612903,prior_season_only,true,0.48749291618538304,0.48749291618538304,0.0,0.0
2026,0,ARI,team_defense.rush_epa_per_play,team_defense,lower_better,NOT_RANK_PERSISTENT,17,1102,-0.03785206861430129,-0.07599918977141418,0.064949391344954,"2023,2024,2025",14,-0.05507980074977163,0.5873360837903615,0.32208752982052075,-0.32208752982052075,22,0.3225806451612903,prior_season_only,true,-0.05507980074977163,-0.05507980074977163,0.0,0.0
2026,0,ARI,team_defense.rush_success_rate,team_defense,lower_better,RANK_PERSISTENT,17,1102,0.43115124153498874,0.4019777133617364,0.032975036932461385,"2023,2024,2025",16,0.41700650060250277,0.8847155571957304,0.45576255976749824,-0.45576255976749824,23,0.2903225806451613,prior_season_only,true,0.41700650060250277,0.41700650060250277,0.0,0.0
2026,0,ARI,team_defense.success_rate,team_defense,lower_better,RANK_PERSISTENT,17,1102,0.4882032667876588,0.43839550006288847,0.025454573794236213,"2023,2024,2025",16,0.4640540465574671,1.9567315142415982,1.0080132043062782,-1.0080132043062782,32,0.0,prior_season_only,true,0.4640540465574671,0.4640540465574671,0.0,0.0
2026,0,ARI,team_offense.early_down_epa_per_play,team_offense,higher_better,UNVALIDATED_RANK_PERSISTENT,17,1128,-0.011469976922645338,-0.005377369437322377,0.078391754097071,"2023,2024,2025",8,-0.00952034252734199,-0.07772000455275695,-0.05284960309587473,-0.05284960309587473,22,0.3225806451612903,prior_season_only,true,-0.00952034252734199,-0.00952034252734199,0.0,0.0
2026,0,ARI,team_offense.epa_per_play,team_offense,higher_better,VALIDATED_PERSISTENCE,17,1128,-0.013748853841176148,-0.00013083193528753284,0.09208398177730366,"2023,2024,2025",8,-0.009391086831291792,-0.14788697928834685,-0.10056314591607587,-0.10056314591607587,23,0.2903225806451613,prior_season_only,true,-0.009391086831291792,-0.009391086831291792,0.0,0.0
2026,0,ARI,team_offense.explosive_pass_rate,team_offense,higher_better,RANK_PERSISTENT,17,1128,0.06577181208053691,0.0795744413888399,0.017733172299595607,"2023,2024,2025",16,0.0724639959875929,-0.77835082607401,-0.40096860737145995,-0.40096860737145995,27,0.16129032258064516,prior_season_only,true,0.0724639959875929,0.0724639959875929,0.0,0.0
2026,0,ARI,team_offense.explosive_rush_rate,team_offense,higher_better,NOT_RANK_PERSISTENT,17,1128,0.07352941176470588,0.09901553176727344,0.01953435294400914,"2023,2024,2025",16,0.08588631843261743,-1.3046820683345812,-0.6721089442935719,-0.6721089442935719,30,0.06451612903225806,prior_season_only,false,0.08588631843261743,0.08588631843261743,0.0,0.0
2026,0,ARI,team_offense.pass_epa_per_dropback,team_offense,higher_better,UNVALIDATED_RANK_PERSISTENT,17,1128,0.02377793692105745,0.030780199231029884,0.1279708212728859,"2023,2024,2025",8,0.02601866086024863,-0.054717647666265745,-0.0372080004130607,-0.0372080004130607,20,0.3870967741935484,prior_season_only,true,0.02601866086024863,0.02601866086024863,0.0,0.0
2026,0,ARI,team_offense.pass_success_rate,team_offense,higher_better,UNVALIDATED_RANK_PERSISTENT,17,1128,0.45100671140939597,0.4520797072840564,0.04182371000768115,"2023,2024,2025",8,0.4513500700892873,-0.02565520549141526,-0.017445539734162588,-0.017445539734162588,18,0.45161290322580644,prior_season_only,true,0.4513500700892873,0.4513500700892873,0.0,0.0
2026,0,ARI,team_offense.proe,team_offense,neutral,VALIDATED_PERSISTENCE,17,1128,0.003554917297306213,-0.047704012843975276,0.034857526884517355,"2023,2024,2025",4,-0.006208688443890262,1.4705268767661521,1.190426519286885,0.0,,,prior_season_only,false,-0.006208688443890262,-0.006208688443890262,0.0,0.0
2026,0,ARI,team_offense.rush_epa_per_play,team_offense,higher_better,RANK_PERSISTENT,17,1128,-0.14232091791736176,-0.08060335268387975,0.07536384453942868,"2023,2024,2025",16,-0.11239724992537048,-0.8189280365227753,-0.421872018814763,-0.421872018814763,29,0.0967741935483871,prior_season_only,true,-0.11239724992537048,-0.11239724992537048,0.0,0.0
2026,0,ARI,team_offense.rush_success_rate,team_offense,higher_better,RANK_PERSISTENT,17,1128,0.36764705882352944,0.4003685439967535,0.03852021536879744,"2023,2024,2025",12,0.3811869837227946,-0.8494626745968158,-0.49796087821192586,-0.49796087821192586,28,0.12903225806451613,prior_season_only,true,0.3811869837227946,0.3811869837227946,0.0,0.0
2026,0,ARI,team_offense.success_rate,team_offense,higher_better,VALIDATED_PERSISTENCE,17,1128,0.4299645390070922,0.4369580638820209,0.03373700043770765,"2023,2024,2025",4,0.4312966389832691,-0.20729539627690466,-0.16781055889082774,-0.16781055889082774,24,0.25806451612903225,prior_season_only,true,0.4312966389832691,0.4312966389832691,0.0,0.0
2026,0,ATL,pass_protection.qb_hit_rate_allowed,pass_protection,lower_better,UNVALIDATED_RANK_PERSISTENT,17,583,0.12521440823327615,0.14499729036016004,0.03272124457668314,"2023,2024,2025",8,0.131544930513879,-0.6045883151089245,-0.4111200542740685,0.4111200542740685,12,0.6451612903225806,prior_season_only,true,0.131544930513879,0.131544930513879,0.0,0.0
2026,0,ATL,pass_protection.rush_stuffed_rate_approx,pass_protection,lower_better,RANK_PERSISTENT,17,583,0.18655097613882862,0.20453393402173106,0.032349993802877404,"2023,2024,2025",16,0.195269986021448,-0.555887521725056,-0.28636629907048333,0.28636629907048333,13,0.6129032258064516,prior_season_only,false,0.195269986021448,0.195269986021448,0.0,0.0
2026,0,ATL,pass_protection.sack_rate_allowed,pass_protection,lower_better,UNVALIDATED_RANK_PERSISTENT,17,583,0.044596912521440824,0.06640532746445256,0.01878109141151444,"2023,2024,2025",8,0.051575605303204576,-1.1611899684190496,-0.7896091785249538,0.7896091785249538,5,0.8709677419354839,prior_season_only,true,0.051575605303204576,0.051575605303204576,0.0,0.0
2026,0,ATL,pass_rush.qb_hit_rate_generated,pass_rush,higher_better,RANK_PERSISTENT,17,625,0.144,0.1441739694155678,0.023402668900553904,"2023,2024,2025",16,0.144084348807548,-0.0074337425490680195,-0.0038295037373991436,-0.0038295037373991436,18,0.45161290322580644,prior_season_only,true,0.144084348807548,0.144084348807548,0.0,0.0
2026,0,ATL,pass_rush.sack_rate_generated,pass_rush,higher_better,NOT_RANK_PERSISTENT,17,625,0.0912,0.06604664154487218,0.012051753475340252,"2023,2024,2025",14,0.07984041876220034,2.087111929944093,1.1445452519048254,1.1445452519048254,4,0.9032258064516129,prior_season_only,true,0.07984041876220034,0.07984041876220034,0.0,0.0
2026,0,ATL,special_teams.fg_pct,special_teams,higher_better,NOT_RANK_PERSISTENT,17,227,0.8205128205128205,0.8507127173905934,0.06913215135025523,"2023,2024,2025",16,0.8351551947565892,-0.43684300702239637,-0.22504033695093145,-0.22504033695093145,24,0.25806451612903225,prior_season_only,false,0.8351551947565892,0.8351551947565892,0.0,0.0
2026,0,ATL,special_teams.st_epa_per_play,special_teams,higher_better,RANK_PERSISTENT,17,227,0.01663646551339621,0.06223172610307078,0.09283786774459722,"2023,2024,2025",16,0.03874325852657176,-0.49112783067260857,-0.25300524610407105,-0.25300524610407105,28,0.12903225806451613,prior_season_only,true,0.03874325852657176,0.03874325852657176,0.0,0.0
2026,0,ATL,team_defense.early_down_epa_per_play,team_defense,lower_better,RANK_PERSISTENT,17,1088,0.016550449176161358,-0.0013076969094549817,0.06388279864549935,"2023,2024,2025",16,0.007891954104347374,0.27954545612059645,0.14400826527424668,-0.14400826527424668,19,0.41935483870967744,prior_season_only,true,0.007891954104347374,0.007891954104347374,0.0,0.0
2026,0,ATL,team_defense.epa_per_play,team_defense,lower_better,RANK_PERSISTENT,17,1088,0.008298362203124755,0.004591155429042401,0.06774676986235148,"2023,2024,2025",16,0.006500928615690887,0.05472152814982458,0.028189878137788425,-0.028189878137788425,14,0.5806451612903226,prior_season_only,true,0.006500928615690887,0.006500928615690887,0.0,0.0
2026,0,ATL,team_defense.explosive_pass_rate,team_defense,lower_better,NOT_RANK_PERSISTENT,17,1088,0.0784,0.07968322075124035,0.01121813986620499,"2023,2024,2025",14,0.07897951904894725,-0.11438801499579207,-0.06272891144930577,0.06272891144930577,18,0.45161290322580644,prior_season_only,false,0.07897951904894725,0.07897951904894725,0.0,0.0
2026,0,ATL,team_defense.explosive_rush_rate,team_defense,lower_better,RANK_PERSISTENT,17,1088,0.08878504672897196,0.09995627452646601,0.020596023639878284,"2023,2024,2025",16,0.09420139960048422,-0.5423973089574521,-0.27941679552353604,0.27941679552353604,11,0.6774193548387096,prior_season_only,true,0.09420139960048422,0.09420139960048422,0.0,0.0
2026,0,ATL,team_defense.pass_epa_per_dropback,team_defense,lower_better,RANK_PERSISTENT,17,1088,0.002039344793271786,0.03612076420012932,0.09487757506079898,"2023,2024,2025",16,0.01856366935417241,-0.35921469730879657,-0.18504999558331944,0.18504999558331944,13,0.6129032258064516,prior_season_only,true,0.01856366935417241,0.01856366935417241,0.0,0.0
2026,0,ATL,team_defense.pass_success_rate,team_defense,lower_better,RANK_PERSISTENT,17,1088,0.4528,0.45363962350332016,0.03204062541287013,"2023,2024,2025",16,0.4532070901834279,-0.026204966117262914,-0.013499527999802896,0.013499527999802896,15,0.5483870967741935,prior_season_only,true,0.4532070901834279,0.4532070901834279,0.0,0.0
2026,0,ATL,team_defense.rush_epa_per_play,team_defense,lower_better,NOT_RANK_PERSISTENT,17,1088,-0.027640301485865496,-0.07599918977141418,0.064949391344954,"2023,2024,2025",14,-0.049479799421274576,0.7445626091968873,0.4083085276240995,-0.4083085276240995,26,0.1935483870967742,prior_season_only,true,-0.049479799421274576,-0.049479799421274576,0.0,0.0
2026,0,ATL,team_defense.rush_success_rate,team_defense,lower_better,RANK_PERSISTENT,17,1088,0.4322429906542056,0.4019777133617364,0.032975036932461385,"2023,2024,2025",16,0.4175689168154327,0.9178239088695429,0.47281837729643184,-0.47281837729643184,24,0.25806451612903225,prior_season_only,true,0.4175689168154327,0.4175689168154327,0.0,0.0
2026,0,ATL,team_defense.success_rate,team_defense,lower_better,RANK_PERSISTENT,17,1088,0.4522058823529412,0.43839550006288847,0.025454573794236213,"2023,2024,2025",16,0.4455099394244308,0.5425501287780296,0.27949552088565227,-0.27949552088565227,21,0.3548387096774194,prior_season_only,true,0.4455099394244308,0.4455099394244308,0.0,0.0
2026,0,ATL,team_offense.early_down_epa_per_play,team_offense,higher_better,UNVALIDATED_RANK_PERSISTENT,17,1075,0.0678340560348753,-0.005377369437322377,0.078391754097071,"2023,2024,2025",8,0.04440639988377205,0.9339174293962268,0.6350638519894343,0.6350638519894343,8,0.7741935483870968,prior_season_only,true,0.04440639988377205,0.04440639988377205,0.0,0.0
2026,0,ATL,team_offense.epa_per_play,team_offense,higher_better,VALIDATED_PERSISTENCE,17,1075,-0.007833701404945598,-0.00013083193528753284,0.09208398177730366,"2023,2024,2025",8,-0.005368783174655017,-0.08365048210324702,-0.056882327830207975,-0.056882327830207975,21,0.3548387096774194,prior_season_only,true,-0.005368783174655017,-0.005368783174655017,0.0,0.0
2026,0,ATL,team_offense.explosive_pass_rate,team_offense,higher_better,RANK_PERSISTENT,17,1075,0.08061749571183534,0.0795744413888399,0.017733172299595607,"2023,2024,2025",16,0.08011177240371634,0.058819386930516866,0.030300896297538873,0.030300896297538873,15,0.5483870967741935,prior_season_only,true,0.08011177240371634,0.08011177240371634,0.0,0.0
2026,0,ATL,team_offense.explosive_rush_rate,team_offense,higher_better,NOT_RANK_PERSISTENT,17,1075,0.11279826464208242,0.09901553176727344,0.01953435294400914,"2023,2024,2025",16,0.1061157274906599,0.7055638297472205,0.36347227593038667,0.36347227593038667,8,0.7741935483870968,prior_season_only,false,0.1061157274906599,0.1061157274906599,0.0,0.0
2026,0,ATL,team_offense.pass_epa_per_dropback,team_offense,higher_better,UNVALIDATED_RANK_PERSISTENT,17,1075,0.008210047048126562,0.030780199231029884,0.1279708212728859,"2023,2024,2025",8,0.015432495746655625,-0.1763695189138043,-0.11993127286138694,-0.11993127286138694,22,0.3225806451612903,prior_season_only,true,0.015432495746655625,0.015432495746655625,0.0,0.0
2026,0,ATL,team_offense.pass_success_rate,team_offense,higher_better,UNVALIDATED_RANK_PERSISTENT,17,1075,0.4528301886792453,0.4520797072840564,0.04182371000768115,"2023,2024,2025",8,0.45259003463278485,0.017943922120994927,0.012201867042276816,0.012201867042276816,15,0.5483870967741935,prior_season_only,true,0.45259003463278485,0.45259003463278485,0.0,0.0
2026,0,ATL,team_offense.proe,team_offense,neutral,VALIDATED_PERSISTENCE,17,1075,-0.08456330356383046,-0.047704012843975276,0.034857526884517355,"2023,2024,2025",4,-0.07754248628385804,-1.0574270183300627,-0.8560123481719554,-0.0,,,prior_season_only,false,-0.07754248628385804,-0.07754248628385804,0.0,0.0
2026,0,ATL,team_offense.rush_epa_per_play,team_offense,higher_better,RANK_PERSISTENT,17,1075,-0.07314679891018919,-0.08060335268387975,0.07536384453942868,"2023,2024,2025",16,-0.0767620977095543,0.09894072972603539,0.0509694668285637,0.0509694668285637,20,0.3870967741935484,prior_season_only,true,-0.0767620977095543,-0.0767620977095543,0.0,0.0
2026,0,ATL,team_offense.rush_success_rate,team_offense,higher_better,RANK_PERSISTENT,17,1075,0.41431670281995664,0.4003685439967535,0.03852021536879744,"2023,2024,2025",12,0.40854505089311394,0.3620997102342683,0.21226534737870859,0.21226534737870859,15,0.5483870967741935,prior_season_only,true,0.40854505089311394,0.40854505089311394,0.0,0.0
2026,0,ATL,team_offense.success_rate,team_offense,higher_better,VALIDATED_PERSISTENCE,17,1075,0.44465116279069766,0.4369580638820209,0.03373700043770765,"2023,2024,2025",4,0.44318581061761636,0.22803150276745474,0.1845969308117486,0.1845969308117486,16,0.5161290322580645,prior_season_only,true,0.44318581061761636,0.44318581061761636,0.0,0.0
2026,0,BAL,pass_protection.qb_hit_rate_allowed,pass_protection,lower_better,UNVALIDATED_RANK_PERSISTENT,17,501,0.1656686626746507,0.14499729036016004,0.03272124457668314,"2023,2024,2025",8,0.15905382353401368,0.6317416278603558,0.4295843069450418,-0.4295843069450418,22,0.3225806451612903,prior_season_only,true,0.15905382353401368,0.15905382353401368,0.0,0.0
2026,0,BAL,pass_protection.rush_stuffed_rate_approx,pass_protection,lower_better,RANK_PERSISTENT,17,501,0.17787418655097614,0.20453393402173106,0.032349993802877404,"2023,2024,2025",16,0.1908001247186149,-0.8241036345541322,-0.4245382359824313,0.4245382359824313,10,0.7096774193548387,prior_season_only,false,0.1908001247186149,0.1908001247186149,0.0,0.0
2026,0,BAL,pass_protection.sack_rate_allowed,pass_protection,lower_better,UNVALIDATED_RANK_PERSISTENT,17,501,0.08982035928143713,0.06640532746445256,0.01878109141151444,"2023,2024,2025",8,0.08232754910000206,1.246734351265077,0.8477793588602522,-0.8477793588602522,29,0.0967741935483871,prior_season_only,true,0.08232754910000206,0.08232754910000206,0.0,0.0
2026,0,BAL,pass_rush.qb_hit_rate_generated,pass_rush,higher_better,RANK_PERSISTENT,17,692,0.13872832369942195,0.1441739694155678,0.023402668900553904,"2023,2024,2025",16,0.1413686367739169,-0.23269336242316133,-0.11987233821799252,-0.11987233821799252,21,0.3548387096774194,prior_season_only,true,0.1413686367739169,0.1413686367739169,0.0,0.0
2026,0,BAL,pass_rush.sack_rate_generated,pass_rush,higher_better,NOT_RANK_PERSISTENT,17,692,0.04335260115606936,0.06604664154487218,0.012051753475340252,"2023,2024,2025",14,0.05360152262198031,-1.8830488389293993,-1.0326396858645093,-1.0326396858645093,31,0.03225806451612903,prior_season_only,true,0.05360152262198031,0.05360152262198031,0.0,0.0
2026,0,BAL,special_teams.fg_pct,special_teams,higher_better,NOT_RANK_PERSISTENT,17,226,0.8823529411764706,0.8507127173905934,0.06913215135025523,"2023,2024,2025",16,0.867012226613621,0.45767740722508776,0.23577320978262034,0.23577320978262034,12,0.6290322580645161,prior_season_only,false,0.867012226613621,0.867012226613621,0.0,0.0
2026,0,BAL,special_teams.st_epa_per_play,special_teams,higher_better,RANK_PERSISTENT,17,226,0.13771650998754723,0.06223172610307078,0.09283786774459722,"2023,2024,2025",16,0.10111782689204349,0.8130818352284845,0.41886033936012834,0.41886033936012834,9,0.7419354838709677,prior_season_only,true,0.10111782689204349,0.10111782689204349,0.0,0.0
2026,0,BAL,team_defense.early_down_epa_per_play,team_defense,lower_better,RANK_PERSISTENT,17,1114,0.03460004109743984,-0.0013076969094549817,0.06388279864549935,"2023,2024,2025",16,0.01719022873046053,0.5620877414302915,0.28956035164590777,-0.28956035164590777,20,0.3870967741935484,prior_season_only,true,0.01719022873046053,0.01719022873046053,0.0,0.0
2026,0,BAL,team_defense.epa_per_play,team_defense,lower_better,RANK_PERSISTENT,17,1114,0.025090813948135237,0.004591155429042401,0.06774676986235148,"2023,2024,2025",16,0.015151585575241738,0.3025924123134466,0.15588093967662395,-0.15588093967662395,18,0.45161290322580644,prior_season_only,true,0.015151585575241738,0.015151585575241738,0.0,0.0
2026,0,BAL,team_defense.explosive_pass_rate,team_defense,lower_better,NOT_RANK_PERSISTENT,17,1114,0.09248554913294797,0.07968322075124035,0.01121813986620499,"2023,2024,2025",14,0.08670385244443485,1.1412166842628746,0.625828504273189,-0.625828504273189,28,0.12903225806451613,prior_season_only,false,0.08670385244443485,0.08670385244443485,0.0,0.0
2026,0,BAL,team_defense.explosive_rush_rate,team_defense,lower_better,RANK_PERSISTENT,17,1114,0.10230179028132992,0.09995627452646601,0.020596023639878284,"2023,2024,2025",16,0.10116457052139591,0.1138819704169739,0.058666469608744394,-0.058666469608744394,21,0.3548387096774194,prior_season_only,true,0.10116457052139591,0.10116457052139591,0.0,0.0
2026,0,BAL,team_defense.pass_epa_per_dropback,team_defense,lower_better,RANK_PERSISTENT,17,1114,0.09151757100332004,0.03612076420012932,0.09487757506079898,"2023,2024,2025",16,0.06465851315934878,0.5838767144680037,0.3007849741198807,-0.3007849741198807,22,0.3225806451612903,prior_season_only,true,0.06465851315934878,0.06465851315934878,0.0,0.0
2026,0,BAL,team_defense.pass_success_rate,team_defense,lower_better,RANK_PERSISTENT,17,1114,0.46098265895953755,0.45363962350332016,0.03204062541287013,"2023,2024,2025",16,0.4574223993444018,0.22917890526780518,0.11806186028947466,-0.11806186028947466,18,0.45161290322580644,prior_season_only,true,0.4574223993444018,0.4574223993444018,0.0,0.0
2026,0,BAL,team_defense.rush_epa_per_play,team_defense,lower_better,NOT_RANK_PERSISTENT,17,1114,-0.11475679252028367,-0.07599918977141418,0.064949391344954,"2023,2024,2025",14,-0.09725335902079423,-0.5967354265573209,-0.32724200811207926,0.32724200811207926,6,0.8387096774193549,prior_season_only,true,-0.09725335902079423,-0.09725335902079423,0.0,0.0
2026,0,BAL,team_defense.rush_success_rate,team_defense,lower_better,RANK_PERSISTENT,17,1114,0.40153452685422,0.4019777133617364,0.032975036932461385,"2023,2024,2025",16,0.4017494051608946,-0.013440060989897454,-0.0069236677826749055,0.0069236677826749055,14,0.5806451612903226,prior_season_only,true,0.4017494051608946,0.4017494051608946,0.0,0.0
2026,0,BAL,team_defense.success_rate,team_defense,lower_better,RANK_PERSISTENT,17,1114,0.44254937163375224,0.43839550006288847,0.025454573794236213,"2023,2024,2025",16,0.4405353732963637,0.16318763002837453,0.08406635486310103,-0.08406635486310103,16,0.5161290322580645,prior_season_only,true,0.4405353732963637,0.4405353732963637,0.0,0.0
2026,0,BAL,team_offense.early_down_epa_per_play,team_offense,higher_better,UNVALIDATED_RANK_PERSISTENT,17,992,0.03065846117318187,-0.005377369437322377,0.078391754097071,"2023,2024,2025",8,0.019126995377820515,0.4596890454304897,0.312588550892733,0.312588550892733,12,0.6451612903225806,prior_season_only,true,0.019126995377820515,0.019126995377820515,0.0,0.0
2026,0,BAL,team_offense.epa_per_play,team_offense,higher_better,VALIDATED_PERSISTENCE,17,992,0.036928921061164785,-0.00013083193528753284,0.09208398177730366,"2023,2024,2025",8,0.025069800102300047,0.40245602200475866,0.2736700949632359,0.2736700949632359,13,0.6129032258064516,prior_season_only,true,0.025069800102300047,0.025069800102300047,0.0,0.0
2026,0,BAL,team_offense.explosive_pass_rate,team_offense,higher_better,RANK_PERSISTENT,17,992,0.08582834331337326,0.0795744413888399,0.017733172299595607,"2023,2024,2025",16,0.08279614844087224,0.35266684487557676,0.18167685948135798,0.18167685948135798,10,0.7096774193548387,prior_season_only,true,0.08279614844087224,0.08279614844087224,0.0,0.0
2026,0,BAL,team_offense.explosive_rush_rate,team_offense,higher_better,NOT_RANK_PERSISTENT,17,992,0.1279826464208243,0.09901553176727344,0.01953435294400914,"2023,2024,2025",16,0.11393798477061783,1.4828806839202004,0.7639082311104064,0.7639082311104064,2,0.967741935483871,prior_season_only,false,0.11393798477061783,0.11393798477061783,0.0,0.0
2026,0,BAL,team_offense.pass_epa_per_dropback,team_offense,higher_better,UNVALIDATED_RANK_PERSISTENT,17,992,0.01761327657198751,0.030780199231029884,0.1279708212728859,"2023,2024,2025",8,0.02182669182288107,-0.10289003796392877,-0.06996522581547156,-0.06996522581547156,21,0.3548387096774194,prior_season_only,true,0.02182669182288107,0.02182669182288107,0.0,0.0
2026,0,BAL,team_offense.pass_success_rate,team_offense,higher_better,UNVALIDATED_RANK_PERSISTENT,17,992,0.46506986027944114,0.4520797072840564,0.04182371000768115,"2023,2024,2025",8,0.460913011320918,0.31059303426212165,0.21120326329824227,0.21120326329824227,12,0.6451612903225806,prior_season_only,true,0.460913011320918,0.460913011320918,0.0,0.0
2026,0,BAL,team_offense.proe,team_offense,neutral,VALIDATED_PERSISTENCE,17,992,-0.11106841289273846,-0.047704012843975276,0.034857526884517355,"2023,2024,2025",4,-0.09899900335964071,-1.8178111217898163,-1.471561384306042,-0.0,,,prior_season_only,false,-0.09899900335964071,-0.09899900335964071,0.0,0.0
2026,0,BAL,team_offense.rush_epa_per_play,team_offense,higher_better,RANK_PERSISTENT,17,992,0.03820307628982629,-0.08060335268387975,0.07536384453942868,"2023,2024,2025",16,-0.019400040788334218,1.576438008169145,0.8121044284507716,0.8121044284507716,3,0.9354838709677419,prior_season_only,true,-0.019400040788334218,-0.019400040788334218,0.0,0.0
2026,0,BAL,team_offense.rush_success_rate,team_offense,higher_better,RANK_PERSISTENT,17,992,0.41865509761388287,0.4003685439967535,0.03852021536879744,"2023,2024,2025",12,0.4110882478412776,0.4747261520230766,0.27828774428939024,0.27828774428939024,12,0.6451612903225806,prior_season_only,true,0.4110882478412776,0.4110882478412776,0.0,0.0
2026,0,BAL,team_offense.success_rate,team_offense,higher_better,VALIDATED_PERSISTENCE,17,992,0.44556451612903225,0.4369580638820209,0.03373700043770765,"2023,2024,2025",4,0.44392519189150625,0.2551042515739473,0.20651296555986132,0.20651296555986132,13,0.6129032258064516,prior_season_only,true,0.44392519189150625,0.44392519189150625,0.0,0.0
2026,0,BUF,pass_protection.qb_hit_rate_allowed,pass_protection,lower_better,UNVALIDATED_RANK_PERSISTENT,17,584,0.11986301369863013,0.14499729036016004,0.03272124457668314,"2023,2024,2025",8,0.1279059822303197,-0.768133272028423,-0.5223306249793274,0.5223306249793274,7,0.8064516129032258,prior_season_only,true,0.1279059822303197,0.1279059822303197,0.0,0.0
2026,0,BUF,pass_protection.rush_stuffed_rate_approx,pass_protection,lower_better,RANK_PERSISTENT,17,584,0.15876288659793814,0.20453393402173106,0.032349993802877404,"2023,2024,2025",16,0.1809549095912923,-1.4148703614194131,-0.7288726104281823,0.7288726104281823,5,0.8709677419354839,prior_season_only,false,0.1809549095912923,0.1809549095912923,0.0,0.0
2026,0,BUF,pass_protection.sack_rate_allowed,pass_protection,lower_better,UNVALIDATED_RANK_PERSISTENT,17,584,0.0684931506849315,0.06640532746445256,0.01878109141151444,"2023,2024,2025",8,0.06782504725437824,0.11116623495048462,0.07559303976632949,-0.07559303976632949,19,0.41935483870967744,prior_season_only,true,0.06782504725437824,0.06782504725437824,0.0,0.0
2026,0,BUF,pass_rush.qb_hit_rate_generated,pass_rush,higher_better,RANK_PERSISTENT,17,530,0.16226415094339622,0.1441739694155678,0.023402668900553904,"2023,2024,2025",16,0.15349315383899456,0.7729965161110435,0.3982103264814469,0.3982103264814469,9,0.7419354838709677,prior_season_only,true,0.15349315383899456,0.15349315383899456,0.0,0.0
2026,0,BUF,pass_rush.sack_rate_generated,pass_rush,higher_better,NOT_RANK_PERSISTENT,17,530,0.06792452830188679,0.06604664154487218,0.012051753475340252,"2023,2024,2025",14,0.06707645041162212,0.15581855045882403,0.08544888250967718,0.08544888250967718,14,0.5806451612903226,prior_season_only,true,0.06707645041162212,0.06707645041162212,0.0,0.0
2026,0,BUF,special_teams.fg_pct,special_teams,higher_better,NOT_RANK_PERSISTENT,17,204,0.9047619047619048,0.8507127173905934,0.06913215135025523,"2023,2024,2025",16,0.8785562381576326,0.781824177544734,0.40275790964425734,0.40275790964425734,8,0.7741935483870968,prior_season_only,false,0.8785562381576326,0.8785562381576326,0.0,0.0
2026,0,BUF,special_teams.st_epa_per_play,special_teams,higher_better,RANK_PERSISTENT,17,204,0.09916334076271822,0.06223172610307078,0.09283786774459722,"2023,2024,2025",16,0.08125710335198007,0.3978076571216459,0.20493121730509029,0.20493121730509029,17,0.4838709677419355,prior_season_only,true,0.08125710335198007,0.08125710335198007,0.0,0.0
2026,0,BUF,team_defense.early_down_epa_per_play,team_defense,lower_better,RANK_PERSISTENT,17,971,-0.04548069819902327,-0.0013076969094549817,0.06388279864549935,"2023,2024,2025",16,-0.024063485452565918,-0.6914694131466381,-0.35621151586341965,0.35621151586341965,11,0.6774193548387096,prior_season_only,true,-0.024063485452565918,-0.024063485452565918,0.0,0.0
2026,0,BUF,team_defense.epa_per_play,team_defense,lower_better,RANK_PERSISTENT,17,971,-0.006805688443891212,0.004591155429042401,0.06774676986235148,"2023,2024,2025",16,-0.0012799459600446117,-0.1682271183716925,-0.08666245491875069,0.08666245491875069,13,0.6129032258064516,prior_season_only,true,-0.0012799459600446117,-0.0012799459600446117,0.0,0.0
2026,0,BUF,team_defense.explosive_pass_rate,team_defense,lower_better,NOT_RANK_PERSISTENT,17,971,0.07169811320754717,0.07968322075124035,0.01121813986620499,"2023,2024,2025",14,0.07530429080792474,-0.7118031722664266,-0.3903436751138465,0.3903436751138465,10,0.7096774193548387,prior_season_only,false,0.07530429080792474,0.07530429080792474,0.0,0.0
2026,0,BUF,team_defense.explosive_rush_rate,team_defense,lower_better,RANK_PERSISTENT,17,971,0.13157894736842105,0.09995627452646601,0.020596023639878284,"2023,2024,2025",16,0.11624674235413981,1.535377575539718,0.7909520843689456,-0.7909520843689456,30,0.06451612903225806,prior_season_only,true,0.11624674235413981,0.11624674235413981,0.0,0.0
2026,0,BUF,team_defense.pass_epa_per_dropback,team_defense,lower_better,RANK_PERSISTENT,17,971,-0.06743014948351221,0.03612076420012932,0.09487757506079898,"2023,2024,2025",16,-0.017223645879322375,-1.0914161077291924,-0.5622446615574628,0.5622446615574628,8,0.7741935483870968,prior_season_only,true,-0.017223645879322375,-0.017223645879322375,0.0,0.0
2026,0,BUF,team_defense.pass_success_rate,team_defense,lower_better,RANK_PERSISTENT,17,971,0.4188679245283019,0.45363962350332016,0.03204062541287013,"2023,2024,2025",16,0.43572693009194713,-1.08523783562137,-0.5590619153200994,0.5590619153200994,6,0.8387096774193549,prior_season_only,true,0.43572693009194713,0.43572693009194713,0.0,0.0
2026,0,BUF,team_defense.rush_epa_per_play,team_defense,lower_better,NOT_RANK_PERSISTENT,17,971,0.04909366783330754,-0.07599918977141418,0.064949391344954,"2023,2024,2025",14,-0.0073998807623732454,1.92600507894429,1.0561963336146105,-1.0561963336146105,31,0.03225806451612903,prior_season_only,true,-0.0073998807623732454,-0.0073998807623732454,0.0,0.0
2026,0,BUF,team_defense.rush_success_rate,team_defense,lower_better,RANK_PERSISTENT,17,971,0.43301435406698563,0.4019777133617364,0.032975036932461385,"2023,2024,2025",16,0.4179662858462587,0.941216253034612,0.4848689788360124,-0.4848689788360124,25,0.22580645161290322,prior_season_only,true,0.4179662858462587,0.4179662858462587,0.0,0.0
2026,0,BUF,team_defense.success_rate,team_defense,lower_better,RANK_PERSISTENT,17,971,0.43048403707518024,0.43839550006288847,0.025454573794236213,"2023,2024,2025",16,0.4343198979177054,-0.31080712848154834,-0.16011276315716194,0.16011276315716194,12,0.6451612903225806,prior_season_only,true,0.4343198979177054,0.4343198979177054,0.0,0.0
2026,0,BUF,team_offense.early_down_epa_per_play,team_offense,higher_better,UNVALIDATED_RANK_PERSISTENT,17,1097,0.10973889214213997,-0.005377369437322377,0.078391754097071,"2023,2024,2025",8,0.07290168843671202,1.46847411319456,0.9985623969723009,0.9985623969723009,3,0.9354838709677419,prior_season_only,true,0.07290168843671202,0.07290168843671202,0.0,0.0
2026,0,BUF,team_offense.epa_per_play,team_offense,higher_better,VALIDATED_PERSISTENCE,17,1097,0.14516434988243312,-0.00013083193528753284,0.09208398177730366,"2023,2024,2025",8,0.09866989170076251,1.5778551167466153,1.0729414793876983,1.0729414793876983,3,0.9354838709677419,prior_season_only,true,0.09866989170076251,0.09866989170076251,0.0,0.0
2026,0,BUF,team_offense.explosive_pass_rate,team_offense,higher_better,RANK_PERSISTENT,17,1097,0.10445205479452055,0.0795744413888399,0.017733172299595607,"2023,2024,2025",16,0.09239018162812992,1.402885675804772,0.7226986814751852,0.7226986814751852,6,0.8387096774193549,prior_season_only,true,0.09239018162812992,0.09239018162812992,0.0,0.0
2026,0,BUF,team_offense.explosive_rush_rate,team_offense,higher_better,NOT_RANK_PERSISTENT,17,1097,0.1154639175257732,0.09901553176727344,0.01953435294400914,"2023,2024,2025",16,0.1074889426125612,0.8420235779319327,0.4337697219649352,0.4337697219649352,6,0.8387096774193549,prior_season_only,false,0.1074889426125612,0.1074889426125612,0.0,0.0
2026,0,BUF,team_offense.pass_epa_per_dropback,team_offense,higher_better,UNVALIDATED_RANK_PERSISTENT,17,1097,0.204633440101112,0.030780199231029884,0.1279708212728859,"2023,2024,2025",8,0.14900040302268575,1.3585381350281112,0.9238059318191156,0.9238059318191156,4,0.9032258064516129,prior_season_only,true,0.14900040302268575,0.14900040302268575,0.0,0.0
2026,0,BUF,team_offense.pass_success_rate,team_offense,higher_better,UNVALIDATED_RANK_PERSISTENT,17,1097,0.4965753424657534,0.4520797072840564,0.04182371000768115,"2023,2024,2025",8,0.4823367392076104,1.06388541747074,0.7234420838801038,0.7234420838801038,6,0.8387096774193549,prior_season_only,true,0.4823367392076104,0.4823367392076104,0.0,0.0
2026,0,BUF,team_offense.proe,team_offense,neutral,VALIDATED_PERSISTENCE,17,1097,-0.05879860892959802,-0.047704012843975276,0.034857526884517355,"2023,2024,2025",4,-0.056685352532336544,-0.3182840860276471,-0.2576585458319048,-0.0,,,prior_season_only,false,-0.056685352532336544,-0.056685352532336544,0.0,0.0
2026,0,BUF,team_offense.rush_epa_per_play,team_offense,higher_better,RANK_PERSISTENT,17,1097,0.03860164042460559,-0.08060335268387975,0.07536384453942868,"2023,2024,2025",16,-0.019194719870417605,1.5817265405843242,0.8148288239373791,0.8148288239373791,2,0.967741935483871,prior_season_only,true,-0.019194719870417605,-0.019194719870417605,0.0,0.0
2026,0,BUF,team_offense.rush_success_rate,team_offense,higher_better,RANK_PERSISTENT,17,1097,0.465979381443299,0.4003685439967535,0.03852021536879744,"2023,2024,2025",12,0.4388300693964526,1.7032832453915172,0.9984763852295104,0.9984763852295104,2,0.967741935483871,prior_season_only,true,0.4388300693964526,0.4388300693964526,0.0,0.0
2026,0,BUF,team_offense.success_rate,team_offense,higher_better,VALIDATED_PERSISTENCE,17,1097,0.487693710118505,0.4369580638820209,0.03373700043770765,"2023,2024,2025",4,0.47802977750203185,1.5038576511910982,1.2174085747737466,1.2174085747737466,2,0.967741935483871,prior_season_only,true,0.47802977750203185,0.47802977750203185,0.0,0.0
2026,0,CAR,pass_protection.qb_hit_rate_allowed,pass_protection,lower_better,UNVALIDATED_RANK_PERSISTENT,17,582,0.14776632302405499,0.14499729036016004,0.03272124457668314,"2023,2024,2025",8,0.1468802325716086,0.08462491875593665,0.05754494475403662,-0.05754494475403662,21,0.3548387096774194,prior_season_only,true,0.1468802325716086,0.1468802325716086,0.0,0.0
2026,0,CAR,pass_protection.rush_stuffed_rate_approx,pass_protection,lower_better,RANK_PERSISTENT,17,582,0.1606714628297362,0.20453393402173106,0.032349993802877404,"2023,2024,2025",16,0.18193811552888522,-1.355872630432883,-0.6984798399199702,0.6984798399199702,6,0.8387096774193549,prior_season_only,false,0.18193811552888522,0.18193811552888522,0.0,0.0
2026,0,CAR,pass_protection.sack_rate_allowed,pass_protection,lower_better,UNVALIDATED_RANK_PERSISTENT,17,582,0.06013745704467354,0.06640532746445256,0.01878109141151444,"2023,2024,2025",8,0.06214317557900283,-0.3337330234139785,-0.22693845592150538,0.22693845592150538,14,0.5806451612903226,prior_season_only,true,0.06214317557900283,0.06214317557900283,0.0,0.0
2026,0,CAR,pass_rush.qb_hit_rate_generated,pass_rush,higher_better,RANK_PERSISTENT,17,563,0.0941385435168739,0.1441739694155678,0.023402668900553904,"2023,2024,2025",16,0.11839814395260427,-2.1380222106851083,-1.1014053812620255,-1.1014053812620255,31,0.03225806451612903,prior_season_only,true,0.11839814395260427,0.11839814395260427,0.0,0.0
2026,0,CAR,pass_rush.sack_rate_generated,pass_rush,higher_better,NOT_RANK_PERSISTENT,17,563,0.05328596802841918,0.06604664154487218,0.012051753475340252,"2023,2024,2025",14,0.05904885284230118,-1.058822978960141,-0.5806448594297547,-0.5806448594297547,27,0.16129032258064516,prior_season_only,true,0.05904885284230118,0.05904885284230118,0.0,0.0
2026,0,CAR,special_teams.fg_pct,special_teams,higher_better,NOT_RANK_PERSISTENT,17,206,0.8275862068965517,0.8507127173905934,0.06913215135025523,"2023,2024,2025",16,0.8387990604694204,-0.3345261219612878,-0.1723316385861176,-0.1723316385861176,22,0.3225806451612903,prior_season_only,false,0.8387990604694204,0.8387990604694204,0.0,0.0
2026,0,CAR,special_teams.st_epa_per_play,special_teams,higher_better,RANK_PERSISTENT,17,206,0.118267211572298,0.06223172610307078,0.09283786774459722,"2023,2024,2025",16,0.09109849134479389,0.6035843652008934,0.3109374002550057,0.3109374002550057,16,0.5161290322580645,prior_season_only,true,0.09109849134479389,0.09109849134479389,0.0,0.0
2026,0,CAR,team_defense.early_down_epa_per_play,team_defense,lower_better,RANK_PERSISTENT,17,1039,-0.011343194605768813,-0.0013076969094549817,0.06388279864549935,"2023,2024,2025",16,-0.006477498753010591,-0.15709233015922117,-0.08092635190020483,0.08092635190020483,15,0.5483870967741935,prior_season_only,true,-0.006477498753010591,-0.006477498753010591,0.0,0.0
2026,0,CAR,team_defense.epa_per_play,team_defense,lower_better,RANK_PERSISTENT,17,1039,0.060004218874500616,0.004591155429042401,0.06774676986235148,"2023,2024,2025",16,0.03313727902215724,0.8179439928729738,0.4213650872375926,-0.4213650872375926,23,0.2903225806451613,prior_season_only,true,0.03313727902215724,0.03313727902215724,0.0,0.0
2026,0,CAR,team_defense.explosive_pass_rate,team_defense,lower_better,NOT_RANK_PERSISTENT,17,1039,0.07460035523978685,0.07968322075124035,0.01121813986620499,"2023,2024,2025",14,0.07689584289012069,-0.45309343367752025,-0.24847059266186558,0.24847059266186558,12,0.6451612903225806,prior_season_only,false,0.07689584289012069,0.07689584289012069,0.0,0.0
2026,0,CAR,team_defense.explosive_rush_rate,team_defense,lower_better,RANK_PERSISTENT,17,1039,0.09111111111111111,0.09995627452646601,0.020596023639878284,"2023,2024,2025",16,0.09539967519128319,-0.4294597622343361,-0.22123684721162754,0.22123684721162754,15,0.5483870967741935,prior_season_only,true,0.09539967519128319,0.09539967519128319,0.0,0.0
2026,0,CAR,team_defense.pass_epa_per_dropback,team_defense,lower_better,RANK_PERSISTENT,17,1039,0.1187480537552837,0.03612076420012932,0.09487757506079898,"2023,2024,2025",16,0.07868633760733007,0.8708832356034139,0.44863681834115265,-0.44863681834115265,24,0.25806451612903225,prior_season_only,true,0.07868633760733007,0.07868633760733007,0.0,0.0
2026,0,CAR,team_defense.pass_success_rate,team_defense,lower_better,RANK_PERSISTENT,17,1039,0.47602131438721135,0.45363962350332016,0.03204062541287013,"2023,2024,2025",16,0.46516958547380954,0.6985410114654278,0.3598544604518866,-0.3598544604518866,21,0.3548387096774194,prior_season_only,true,0.46516958547380954,0.46516958547380954,0.0,0.0
2026,0,CAR,team_defense.rush_epa_per_play,team_defense,lower_better,NOT_RANK_PERSISTENT,17,1039,-0.024757315864348935,-0.07599918977141418,0.064949391344954,"2023,2024,2025",14,-0.04789880730624937,0.7889507945488435,0.4326504357203335,-0.4326504357203335,27,0.16129032258064516,prior_season_only,true,-0.04789880730624937,-0.04789880730624937,0.0,0.0
2026,0,CAR,team_defense.rush_success_rate,team_defense,lower_better,RANK_PERSISTENT,17,1039,0.3933333333333333,0.4019777133617364,0.032975036932461385,"2023,2024,2025",16,0.39752454789255903,-0.2621492144529894,-0.1350465650212372,0.1350465650212372,10,0.7096774193548387,prior_season_only,true,0.39752454789255903,0.39752454789255903,0.0,0.0
2026,0,CAR,team_defense.success_rate,team_defense,lower_better,RANK_PERSISTENT,17,1039,0.44177093358999037,0.43839550006288847,0.025454573794236213,"2023,2024,2025",16,0.4401343597586682,0.1326061694997311,0.06831226913622439,-0.06831226913622439,15,0.5483870967741935,prior_season_only,true,0.4401343597586682,0.4401343597586682,0.0,0.0
2026,0,CAR,team_offense.early_down_epa_per_play,team_offense,higher_better,UNVALIDATED_RANK_PERSISTENT,17,1035,-0.04597099593739598,-0.005377369437322377,0.078391754097071,"2023,2024,2025",8,-0.03298103545737243,-0.5178303122265551,-0.3521246123140575,-0.3521246123140575,27,0.16129032258064516,prior_season_only,true,-0.03298103545737243,-0.03298103545737243,0.0,0.0
2026,0,CAR,team_offense.epa_per_play,team_offense,higher_better,VALIDATED_PERSISTENCE,17,1035,-0.024682863216617737,-0.00013083193528753284,0.09208398177730366,"2023,2024,2025",8,-0.016826213206592073,-0.2666265164413389,-0.18130603118011046,-0.18130603118011046,26,0.1935483870967742,prior_season_only,true,-0.016826213206592073,-0.016826213206592073,0.0,0.0
2026,0,CAR,team_offense.explosive_pass_rate,team_offense,higher_better,RANK_PERSISTENT,17,1035,0.07388316151202749,0.0795744413888399,0.017733172299595607,"2023,2024,2025",16,0.07664256993714866,-0.3209397495642781,-0.16533259826038582,-0.16533259826038582,18,0.45161290322580644,prior_season_only,true,0.07664256993714866,0.07664256993714866,0.0,0.0
2026,0,CAR,team_offense.explosive_rush_rate,team_offense,higher_better,NOT_RANK_PERSISTENT,17,1035,0.09112709832134293,0.09901553176727344,0.01953435294400914,"2023,2024,2025",16,0.09495179332543045,-0.403823636674373,-0.20803035828679808,-0.20803035828679808,22,0.3225806451612903,prior_season_only,false,0.09495179332543045,0.09495179332543045,0.0,0.0
2026,0,CAR,team_offense.pass_epa_per_dropback,team_offense,higher_better,UNVALIDATED_RANK_PERSISTENT,17,1035,-0.02671226403811234,0.030780199231029884,0.1279708212728859,"2023,2024,2025",8,-0.00831467579198683,-0.44926228258350304,-0.30549835215678206,-0.30549835215678206,26,0.1935483870967742,prior_season_only,true,-0.00831467579198683,-0.00831467579198683,0.0,0.0
2026,0,CAR,team_offense.pass_success_rate,team_offense,higher_better,UNVALIDATED_RANK_PERSISTENT,17,1035,0.4381443298969072,0.4520797072840564,0.04182371000768115,"2023,2024,2025",8,0.44260365066079493,-0.3331932385861959,-0.22657140223861358,-0.22657140223861358,25,0.22580645161290322,prior_season_only,true,0.44260365066079493,0.44260365066079493,0.0,0.0
2026,0,CAR,team_offense.proe,team_offense,neutral,VALIDATED_PERSISTENCE,17,1035,-0.0869975897521357,-0.047704012843975276,0.034857526884517355,"2023,2024,2025",4,-0.07951309891248609,-1.1272623281146612,-0.9125456941880589,-0.0,,,prior_season_only,false,-0.07951309891248609,-0.07951309891248609,0.0,0.0
2026,0,CAR,team_offense.rush_epa_per_play,team_offense,higher_better,RANK_PERSISTENT,17,1035,-0.07202924017331505,-0.08060335268387975,0.07536384453942868,"2023,2024,2025",16,-0.07618638563298279,0.1137695742960527,0.058608568576754366,0.058608568576754366,18,0.45161290322580644,prior_season_only,true,-0.07618638563298279,-0.07618638563298279,0.0,0.0
2026,0,CAR,team_offense.rush_success_rate,team_offense,higher_better,RANK_PERSISTENT,17,1035,0.4148681055155875,0.4003685439967535,0.03852021536879744,"2023,2024,2025",12,0.40886828695606997,0.37641434192445133,0.22065668319709203,0.22065668319709203,14,0.5806451612903226,prior_season_only,true,0.40886828695606997,0.40886828695606997,0.0,0.0
2026,0,CAR,team_offense.success_rate,team_offense,higher_better,VALIDATED_PERSISTENCE,17,1035,0.43671497584541064,0.4369580638820209,0.03373700043770765,"2023,2024,2025",4,0.4367612783285745,-0.007205383805804344,-0.005832929747556524,-0.005832929747556524,18,0.45161290322580644,prior_season_only,true,0.4367612783285745,0.4367612783285745,0.0,0.0
2026,0,CHI,pass_protection.qb_hit_rate_allowed,pass_protection,lower_better,UNVALIDATED_RANK_PERSISTENT,17,640,0.1046875,0.14499729036016004,0.03272124457668314,"2023,2024,2025",8,0.1175866329152512,-1.2319149494968913,-0.8377021656578864,0.8377021656578864,4,0.9032258064516129,prior_season_only,true,0.1175866329152512,0.1175866329152512,0.0,0.0
2026,0,CHI,pass_protection.rush_stuffed_rate_approx,pass_protection,lower_better,RANK_PERSISTENT,17,640,0.16630196936542668,0.20453393402173106,0.032349993802877404,"2023,2024,2025",16,0.18483867950181668,-1.1818229360187327,-0.6088178761308625,0.6088178761308625,7,0.8064516129032258,prior_season_only,false,0.18483867950181668,0.18483867950181668,0.0,0.0
2026,0,CHI,pass_protection.sack_rate_allowed,pass_protection,lower_better,UNVALIDATED_RANK_PERSISTENT,17,640,0.0375,0.06640532746445256,0.01878109141151444,"2023,2024,2025",8,0.04674970478862482,-1.5390653733111104,-1.0465644538515548,1.0465644538515548,3,0.9354838709677419,prior_season_only,true,0.04674970478862482,0.04674970478862482,0.0,0.0
2026,0,CHI,pass_rush.qb_hit_rate_generated,pass_rush,higher_better,RANK_PERSISTENT,17,592,0.13513513513513514,0.1441739694155678,0.023402668900553904,"2023,2024,2025",16,0.13951760024079946,-0.3862309174582524,-0.1989674423269785,-0.1989674423269785,23,0.2903225806451613,prior_season_only,true,0.13951760024079946,0.13951760024079946,0.0,0.0
2026,0,CHI,pass_rush.sack_rate_generated,pass_rush,higher_better,NOT_RANK_PERSISTENT,17,592,0.05912162162162162,0.06604664154487218,0.012051753475340252,"2023,2024,2025",14,0.062249049974057356,-0.5746068352144953,-0.31510697414988453,-0.31510697414988453,21,0.3548387096774194,prior_season_only,true,0.062249049974057356,0.062249049974057356,0.0,0.0
2026,0,CHI,special_teams.fg_pct,special_teams,higher_better,NOT_RANK_PERSISTENT,17,230,0.8461538461538461,0.8507127173905934,0.06913215135025523,"2023,2024,2025",16,0.8483642079656024,-0.06594429867587828,-0.03397130537848241,-0.03397130537848241,18,0.45161290322580644,prior_season_only,false,0.8483642079656024,0.8483642079656024,0.0,0.0
2026,0,CHI,special_teams.st_epa_per_play,special_teams,higher_better,RANK_PERSISTENT,17,230,0.06488822547257743,0.06223172610307078,0.09283786774459722,"2023,2024,2025",16,0.06360022577827118,0.02861439447117466,0.014740748666968806,0.014740748666968806,21,0.3548387096774194,prior_season_only,true,0.06360022577827118,0.06360022577827118,0.0,0.0
2026,0,CHI,team_defense.early_down_epa_per_play,team_defense,lower_better,RANK_PERSISTENT,17,1059,0.07058108821453932,-0.0013076969094549817,0.06388279864549935,"2023,2024,2025",16,0.035725919669572385,1.125323039194354,0.5797118686758794,-0.5797118686758794,23,0.2903225806451613,prior_season_only,true,0.035725919669572385,0.035725919669572385,0.0,0.0
2026,0,CHI,team_defense.epa_per_play,team_defense,lower_better,RANK_PERSISTENT,17,1059,0.03475901282522275,0.004591155429042401,0.06774676986235148,"2023,2024,2025",16,0.02013217287555955,0.4453032588487345,0.2293986484978329,-0.2293986484978329,21,0.3548387096774194,prior_season_only,true,0.02013217287555955,0.02013217287555955,0.0,0.0
2026,0,CHI,team_defense.explosive_pass_rate,team_defense,lower_better,NOT_RANK_PERSISTENT,17,1059,0.10304054054054054,0.07968322075124035,0.01121813986620499,"2023,2024,2025",14,0.0924920735389211,2.0821027432243806,1.1417982785424021,-1.1417982785424021,32,0.0,prior_season_only,false,0.0924920735389211,0.0924920735389211,0.0,0.0
2026,0,CHI,team_defense.explosive_rush_rate,team_defense,lower_better,RANK_PERSISTENT,17,1059,0.1152073732718894,0.09995627452646601,0.020596023639878284,"2023,2024,2025",16,0.10781290115289624,0.7404875335205007,0.38146327484389425,-0.38146327484389425,25,0.22580645161290322,prior_season_only,true,0.10781290115289624,0.10781290115289624,0.0,0.0
2026,0,CHI,team_defense.pass_epa_per_dropback,team_defense,lower_better,RANK_PERSISTENT,17,1059,0.05074569669141565,0.03612076420012932,0.09487757506079898,"2023,2024,2025",16,0.043654820332004095,0.15414530232159124,0.07940818604445608,-0.07940818604445608,17,0.4838709677419355,prior_season_only,true,0.043654820332004095,0.043654820332004095,0.0,0.0
2026,0,CHI,team_defense.pass_success_rate,team_defense,lower_better,RANK_PERSISTENT,17,1059,0.4831081081081081,0.45363962350332016,0.03204062541287013,"2023,2024,2025",16,0.46882035799669575,0.9197225155583577,0.4737964474088502,-0.4737964474088502,23,0.2903225806451613,prior_season_only,true,0.46882035799669575,0.46882035799669575,0.0,0.0
2026,0,CHI,team_defense.rush_epa_per_play,team_defense,lower_better,NOT_RANK_PERSISTENT,17,1059,-0.04221890776602438,-0.07599918977141418,0.064949391344954,"2023,2024,2025",14,-0.057474518994264936,0.5201015945781334,0.2852170034783312,-0.2852170034783312,21,0.3548387096774194,prior_season_only,true,-0.057474518994264936,-0.057474518994264936,0.0,0.0
2026,0,CHI,team_defense.rush_success_rate,team_defense,lower_better,RANK_PERSISTENT,17,1059,0.4400921658986175,0.4019777133617364,0.032975036932461385,"2023,2024,2025",16,0.4216124313352812,1.1558577664354448,0.5954418796788656,-0.5954418796788656,27,0.16129032258064516,prior_season_only,true,0.4216124313352812,0.4216124313352812,0.0,0.0
2026,0,CHI,team_defense.success_rate,team_defense,lower_better,RANK_PERSISTENT,17,1059,0.4711992445703494,0.43839550006288847,0.025454573794236213,"2023,2024,2025",16,0.45529439874855016,1.288717099434948,0.6638845663755792,-0.6638845663755792,26,0.1935483870967742,prior_season_only,true,0.45529439874855016,0.45529439874855016,0.0,0.0
2026,0,CHI,team_offense.early_down_epa_per_play,team_offense,higher_better,UNVALIDATED_RANK_PERSISTENT,17,1134,0.07409630902090748,-0.005377369437322377,0.078391754097071,"2023,2024,2025",8,0.04866473191427393,1.0138015072327522,0.6893850249182716,0.6893850249182716,6,0.8387096774193549,prior_season_only,true,0.04866473191427393,0.04866473191427393,0.0,0.0
2026,0,CHI,team_offense.epa_per_play,team_offense,higher_better,VALIDATED_PERSISTENCE,17,1134,0.0757662329350531,-0.00013083193528753284,0.09208398177730366,"2023,2024,2025",8,0.05147917217654409,0.8242157148882902,0.5604666861240373,0.5604666861240373,8,0.7741935483870968,prior_season_only,true,0.05147917217654409,0.05147917217654409,0.0,0.0
2026,0,CHI,team_offense.explosive_pass_rate,team_offense,higher_better,RANK_PERSISTENT,17,1134,0.09375,0.0795744413888399,0.017733172299595607,"2023,2024,2025",16,0.08687700188549813,0.7993808649501118,0.41180226376217854,0.41180226376217854,7,0.8064516129032258,prior_season_only,true,0.08687700188549813,0.08687700188549813,0.0,0.0
2026,0,CHI,team_offense.explosive_rush_rate,team_offense,higher_better,NOT_RANK_PERSISTENT,17,1134,0.11597374179431072,0.09901553176727344,0.01953435294400914,"2023,2024,2025",16,0.10775157935695931,0.8681224341366309,0.4472145872825067,0.4472145872825067,5,0.8709677419354839,prior_season_only,false,0.10775157935695931,0.10775157935695931,0.0,0.0
2026,0,CHI,team_offense.pass_epa_per_dropback,team_offense,higher_better,UNVALIDATED_RANK_PERSISTENT,17,1134,0.11961858932315157,0.030780199231029884,0.1279708212728859,"2023,2024,2025",8,0.09119030449367263,0.6942081734607459,0.47206155795330723,0.47206155795330723,8,0.7741935483870968,prior_season_only,true,0.09119030449367263,0.09119030449367263,0.0,0.0
2026,0,CHI,team_offense.pass_success_rate,team_offense,higher_better,UNVALIDATED_RANK_PERSISTENT,17,1134,0.45,0.4520797072840564,0.04182371000768115,"2023,2024,2025",8,0.450665506330898,-0.049725557194099386,-0.03381337889198822,-0.03381337889198822,19,0.41935483870967744,prior_season_only,true,0.450665506330898,0.450665506330898,0.0,0.0
2026,0,CHI,team_offense.proe,team_offense,neutral,VALIDATED_PERSISTENCE,17,1134,-0.06544206724083297,-0.047704012843975276,0.034857526884517355,"2023,2024,2025",4,-0.06206339021286007,-0.5088730034010644,-0.41194481227705204,-0.0,,,prior_season_only,false,-0.06206339021286007,-0.06206339021286007,0.0,0.0
2026,0,CHI,team_offense.rush_epa_per_play,team_offense,higher_better,RANK_PERSISTENT,17,1134,0.006739573588370626,-0.08060335268387975,0.07536384453942868,"2023,2024,2025",16,-0.03560851187696289,1.1589499819977271,0.5970348392109504,0.5970348392109504,6,0.8387096774193549,prior_season_only,true,-0.03560851187696289,-0.03560851187696289,0.0,0.0
2026,0,CHI,team_offense.rush_success_rate,team_offense,higher_better,RANK_PERSISTENT,17,1134,0.4617067833698031,0.4003685439967535,0.03852021536879744,"2023,2024,2025",12,0.43632544293957565,1.592364912443752,0.9334552935015095,0.9334552935015095,3,0.9354838709677419,prior_season_only,true,0.43632544293957565,0.43632544293957565,0.0,0.0
2026,0,CHI,team_offense.success_rate,team_offense,higher_better,VALIDATED_PERSISTENCE,17,1134,0.4567901234567901,0.4369580638820209,0.03373700043770765,"2023,2024,2025",4,0.4530125882996912,0.5878430007844744,0.4758729053969556,0.4758729053969556,11,0.6774193548387096,prior_season_only,true,0.4530125882996912,0.4530125882996912,0.0,0.0
2026,0,CIN,pass_protection.qb_hit_rate_allowed,pass_protection,lower_better,UNVALIDATED_RANK_PERSISTENT,17,687,0.14556040756914118,0.14499729036016004,0.03272124457668314,"2023,2024,2025",8,0.14538021006226723,0.01720952904653303,0.011702479751642831,-0.011702479751642831,19,0.41935483870967744,prior_season_only,true,0.14538021006226723,0.14538021006226723,0.0,0.0
2026,0,CIN,pass_protection.rush_stuffed_rate_approx,pass_protection,lower_better,RANK_PERSISTENT,17,687,0.13783783783783785,0.20453393402173106,0.032349993802877404,"2023,2024,2025",16,0.17017533901790727,-2.061703522736405,-1.062089693530876,1.062089693530876,1,1.0,prior_season_only,false,0.17017533901790727,0.17017533901790727,0.0,0.0
2026,0,CIN,pass_protection.sack_rate_allowed,pass_protection,lower_better,UNVALIDATED_RANK_PERSISTENT,17,687,0.05240174672489083,0.06640532746445256,0.01878109141151444,"2023,2024,2025",8,0.05688289256155058,-0.7456212438738422,-0.5070224458342127,0.5070224458342127,10,0.7096774193548387,prior_season_only,true,0.05688289256155058,0.05688289256155058,0.0,0.0
2026,0,CIN,pass_rush.qb_hit_rate_generated,pass_rush,higher_better,RANK_PERSISTENT,17,607,0.128500823723229,0.1441739694155678,0.023402668900553904,"2023,2024,2025",16,0.136099924664969,-0.6697161660894086,-0.3450052976824229,-0.3450052976824229,27,0.16129032258064516,prior_season_only,true,0.136099924664969,0.136099924664969,0.0,0.0
2026,0,CIN,pass_rush.sack_rate_generated,pass_rush,higher_better,NOT_RANK_PERSISTENT,17,607,0.057660626029654036,0.06604664154487218,0.012051753475340252,"2023,2024,2025",14,0.06144785884297836,-0.6958336421647875,-0.3815861908645606,-0.3815861908645606,24,0.25806451612903225,prior_season_only,true,0.06144785884297836,0.06144785884297836,0.0,0.0
2026,0,CIN,special_teams.fg_pct,special_teams,higher_better,NOT_RANK_PERSISTENT,17,236,0.8928571428571429,0.8507127173905934,0.06913215135025523,"2023,2024,2025",16,0.8724234820248765,0.6096212058124229,0.31404728784276387,0.31404728784276387,9,0.7419354838709677,prior_season_only,false,0.8724234820248765,0.8724234820248765,0.0,0.0
2026,0,CIN,special_teams.st_epa_per_play,special_teams,higher_better,RANK_PERSISTENT,17,236,0.19159302116442414,0.06223172610307078,0.09283786774459722,"2023,2024,2025",16,0.12887239325588917,1.3934108807543315,0.7178177264492009,0.7178177264492009,5,0.8709677419354839,prior_season_only,true,0.12887239325588917,0.12887239325588917,0.0,0.0
2026,0,CIN,team_defense.early_down_epa_per_play,team_defense,lower_better,RANK_PERSISTENT,17,1068,0.1194702307484575,-0.0013076969094549817,0.06388279864549935,"2023,2024,2025",16,0.06091123552037872,1.8906173526951684,0.9739543938126626,-0.9739543938126626,29,0.0967741935483871,prior_season_only,true,0.06091123552037872,0.06091123552037872,0.0,0.0
2026,0,CIN,team_defense.epa_per_play,team_defense,lower_better,RANK_PERSISTENT,17,1068,0.12223299332543837,0.004591155429042401,0.06774676986235148,"2023,2024,2025",16,0.06519452646657972,1.7364936828046822,0.8945573517478667,-0.8945573517478667,29,0.0967741935483871,prior_season_only,true,0.06519452646657972,0.06519452646657972,0.0,0.0
2026,0,CIN,team_defense.explosive_pass_rate,team_defense,lower_better,NOT_RANK_PERSISTENT,17,1068,0.09884678747940692,0.07968322075124035,0.01121813986620499,"2023,2024,2025",14,0.09019227347313814,1.7082659831954352,0.9367910230426577,-0.9367910230426577,31,0.03225806451612903,prior_season_only,false,0.09019227347313814,0.09019227347313814,0.0,0.0
2026,0,CIN,team_defense.explosive_rush_rate,team_defense,lower_better,RANK_PERSISTENT,17,1068,0.11805555555555555,0.09995627452646601,0.020596023639878284,"2023,2024,2025",16,0.10928014657175456,0.8787755027647903,0.45270253172731595,-0.45270253172731595,27,0.16129032258064516,prior_season_only,true,0.10928014657175456,0.10928014657175456,0.0,0.0
2026,0,CIN,team_defense.pass_epa_per_dropback,team_defense,lower_better,RANK_PERSISTENT,17,1068,0.17881358480997092,0.03612076420012932,0.09487757506079898,"2023,2024,2025",16,0.10962918693853257,1.5039678292620977,0.774771305983505,-0.774771305983505,28,0.12903225806451613,prior_season_only,true,0.10962918693853257,0.10962918693853257,0.0,0.0
2026,0,CIN,team_defense.pass_success_rate,team_defense,lower_better,RANK_PERSISTENT,17,1068,0.500823723228995,0.45363962350332016,0.03204062541287013,"2023,2024,2025",16,0.4779465839680618,1.4726335431243456,0.7586294010034512,-0.7586294010034512,29,0.0967741935483871,prior_season_only,true,0.4779465839680618,0.4779465839680618,0.0,0.0
2026,0,CIN,team_defense.rush_epa_per_play,team_defense,lower_better,NOT_RANK_PERSISTENT,17,1068,0.03427580054533092,-0.07599918977141418,0.064949391344954,"2023,2024,2025",14,-0.015525807984812033,1.6978602575513202,0.931084657366853,-0.931084657366853,30,0.06451612903225806,prior_season_only,true,-0.015525807984812033,-0.015525807984812033,0.0,0.0
2026,0,CIN,team_defense.rush_success_rate,team_defense,lower_better,RANK_PERSISTENT,17,1068,0.4351851851851852,0.4019777133617364,0.032975036932461385,"2023,2024,2025",16,0.4190845927859373,1.0070488136666376,0.5187827221919048,-0.5187827221919048,26,0.1935483870967742,prior_season_only,true,0.4190845927859373,0.4190845927859373,0.0,0.0
2026,0,CIN,team_defense.success_rate,team_defense,lower_better,RANK_PERSISTENT,17,1068,0.4756554307116105,0.43839550006288847,0.025454573794236213,"2023,2024,2025",16,0.457590009791018,1.4637813600775724,0.7540691854945072,-0.7540691854945072,27,0.16129032258064516,prior_season_only,true,0.457590009791018,0.457590009791018,0.0,0.0
2026,0,CIN,team_offense.early_down_epa_per_play,team_offense,higher_better,UNVALIDATED_RANK_PERSISTENT,17,1092,-0.040594542972626955,-0.005377369437322377,0.078391754097071,"2023,2024,2025",8,-0.02932504744132949,-0.44924589251690716,-0.3054872069114969,-0.3054872069114969,25,0.22580645161290322,prior_season_only,true,-0.02932504744132949,-0.02932504744132949,0.0,0.0
2026,0,CIN,team_offense.epa_per_play,team_offense,higher_better,VALIDATED_PERSISTENCE,17,1092,0.012008216958735671,-0.00013083193528753284,0.09208398177730366,"2023,2024,2025",8,0.008123721312648246,0.13182584701191938,0.08964157596810518,0.08964157596810518,19,0.41935483870967744,prior_season_only,true,0.008123721312648246,0.008123721312648246,0.0,0.0
2026,0,CIN,team_offense.explosive_pass_rate,team_offense,higher_better,RANK_PERSISTENT,17,1092,0.06841339155749636,0.0795744413888399,0.017733172299595607,"2023,2024,2025",16,0.0738248096575417,-0.6293882246662692,-0.3242302975553511,-0.3242302975553511,24,0.25806451612903225,prior_season_only,true,0.0738248096575417,0.0738248096575417,0.0,0.0
2026,0,CIN,team_offense.explosive_rush_rate,team_offense,higher_better,NOT_RANK_PERSISTENT,17,1092,0.0918918918918919,0.09901553176727344,0.01953435294400914,"2023,2024,2025",16,0.09534577789207689,-0.36467242584383874,-0.18786155270743196,-0.18786155270743196,21,0.3548387096774194,prior_season_only,false,0.09534577789207689,0.09534577789207689,0.0,0.0
2026,0,CIN,team_offense.pass_epa_per_dropback,team_offense,higher_better,UNVALIDATED_RANK_PERSISTENT,17,1092,-0.020608018008200037,0.030780199231029884,0.1279708212728859,"2023,2024,2025",8,-0.004163788491646461,-0.4015619867723543,-0.2730621510052009,-0.2730621510052009,25,0.22580645161290322,prior_season_only,true,-0.004163788491646461,-0.004163788491646461,0.0,0.0
2026,0,CIN,team_offense.pass_success_rate,team_offense,higher_better,UNVALIDATED_RANK_PERSISTENT,17,1092,0.4556040756914119,0.4520797072840564,0.04182371000768115,"2023,2024,2025",8,0.45447627780105815,0.0842672351809122,0.05730171992302018,0.05730171992302018,14,0.5806451612903226,prior_season_only,true,0.45447627780105815,0.45447627780105815,0.0,0.0
2026,0,CIN,team_offense.proe,team_offense,neutral,VALIDATED_PERSISTENCE,17,1092,-0.011467983420842733,-0.047704012843975276,0.034857526884517355,"2023,2024,2025",4,-0.018370084263344168,1.0395467682828492,0.8415378600384968,0.0,,,prior_season_only,false,-0.018370084263344168,-0.018370084263344168,0.0,0.0
2026,0,CIN,team_offense.rush_epa_per_play,team_offense,higher_better,RANK_PERSISTENT,17,1092,0.011694412219834712,-0.08060335268387975,0.07536384453942868,"2023,2024,2025",16,-0.03305601924863291,1.22469554821379,0.6309037672616493,0.6309037672616493,5,0.8709677419354839,prior_season_only,true,-0.03305601924863291,-0.03305601924863291,0.0,0.0
2026,0,CIN,team_offense.rush_success_rate,team_offense,higher_better,RANK_PERSISTENT,17,1092,0.4540540540540541,0.4003685439967535,0.03852021536879744,"2023,2024,2025",12,0.43183936023724,1.3936970378620344,0.8169948152984332,0.8169948152984332,4,0.9032258064516129,prior_season_only,true,0.43183936023724,0.43183936023724,0.0,0.0
2026,0,CIN,team_offense.success_rate,team_offense,higher_better,VALIDATED_PERSISTENCE,17,1092,0.4642857142857143,0.4369580638820209,0.03373700043770765,"2023,2024,2025",4,0.45908044754215366,0.8100201573685085,0.6557306035840308,0.6557306035840308,10,0.7096774193548387,prior_season_only,true,0.45908044754215366,0.45908044754215366,0.0,0.0
2026,0,CLE,pass_protection.qb_hit_rate_allowed,pass_protection,lower_better,UNVALIDATED_RANK_PERSISTENT,17,639,0.20970266040688576,0.14499729036016004,0.03272124457668314,"2023,2024,2025",8,0.18899694199193354,1.9774727668162773,1.3446814814350687,-1.3446814814350687,31,0.03225806451612903,prior_season_only,true,0.18899694199193354,0.18899694199193354,0.0,0.0
2026,0,CLE,pass_protection.rush_stuffed_rate_approx,pass_protection,lower_better,RANK_PERSISTENT,17,639,0.24050632911392406,0.20453393402173106,0.032349993802877404,"2023,2024,2025",16,0.2230651678571032,1.111975331784867,0.5728357769800828,-0.5728357769800828,28,0.12903225806451613,prior_season_only,false,0.2230651678571032,0.2230651678571032,0.0,0.0
2026,0,CLE,pass_protection.sack_rate_allowed,pass_protection,lower_better,UNVALIDATED_RANK_PERSISTENT,17,639,0.07981220657276995,0.06640532746445256,0.01878109141151444,"2023,2024,2025",8,0.07552200525810839,0.7138498404889192,0.48541789153246495,-0.48541789153246495,26,0.1935483870967742,prior_season_only,true,0.07552200525810839,0.07552200525810839,0.0,0.0
2026,0,CLE,pass_rush.qb_hit_rate_generated,pass_rush,higher_better,RANK_PERSISTENT,17,562,0.18327402135231316,0.1441739694155678,0.023402668900553904,"2023,2024,2025",16,0.1643164204132851,1.6707518318912735,0.8606903376409587,0.8606903376409587,2,0.967741935483871,prior_season_only,true,0.1643164204132851,0.1643164204132851,0.0,0.0
2026,0,CLE,pass_rush.sack_rate_generated,pass_rush,higher_better,NOT_RANK_PERSISTENT,17,562,0.09430604982206406,0.06604664154487218,0.012051753475340252,"2023,2024,2025",14,0.08154373640655804,2.344837897241675,1.2858788468744662,1.2858788468744662,2,0.967741935483871,prior_season_only,true,0.08154373640655804,0.08154373640655804,0.0,0.0
2026,0,CLE,special_teams.fg_pct,special_teams,higher_better,NOT_RANK_PERSISTENT,17,229,0.8888888888888888,0.8507127173905934,0.06913215135025523,"2023,2024,2025",16,0.8703792299806243,0.5522202152349841,0.2844770805755972,0.2844770805755972,10,0.7096774193548387,prior_season_only,false,0.8703792299806243,0.8703792299806243,0.0,0.0
2026,0,CLE,special_teams.st_epa_per_play,special_teams,higher_better,RANK_PERSISTENT,17,229,-0.05224557706390041,0.06223172610307078,0.09283786774459722,"2023,2024,2025",16,0.003258569926146232,-1.2330884578468067,-0.6352273873756277,-0.6352273873756277,31,0.03225806451612903,prior_season_only,true,0.003258569926146232,0.003258569926146232,0.0,0.0
2026,0,CLE,team_defense.early_down_epa_per_play,team_defense,lower_better,RANK_PERSISTENT,17,1030,-0.0649086548584687,-0.0013076969094549817,0.06388279864549935,"2023,2024,2025",16,-0.034071826761977196,-0.9955881598417496,-0.5128787490093861,0.5128787490093861,5,0.8709677419354839,prior_season_only,true,-0.034071826761977196,-0.034071826761977196,0.0,0.0
2026,0,CLE,team_defense.epa_per_play,team_defense,lower_better,RANK_PERSISTENT,17,1030,-0.08342110199976213,0.004591155429042401,0.06774676986235148,"2023,2024,2025",16,-0.04074849233731145,-1.2991358496889027,-0.6692518013548892,0.6692518013548892,4,0.9032258064516129,prior_season_only,true,-0.04074849233731145,-0.04074849233731145,0.0,0.0
2026,0,CLE,team_defense.explosive_pass_rate,team_defense,lower_better,NOT_RANK_PERSISTENT,17,1030,0.07651245551601424,0.07968322075124035,0.01121813986620499,"2023,2024,2025",14,0.07794441400934216,-0.2826462562459345,-0.154999559876803,0.154999559876803,14,0.5806451612903226,prior_season_only,false,0.07794441400934216,0.07794441400934216,0.0,0.0
2026,0,CLE,team_defense.explosive_rush_rate,team_defense,lower_better,RANK_PERSISTENT,17,1030,0.091324200913242,0.09995627452646601,0.020596023639878284,"2023,2024,2025",16,0.09550944872571425,-0.4191135999917223,-0.21590700605634172,0.21590700605634172,16,0.5161290322580645,prior_season_only,true,0.09550944872571425,0.09550944872571425,0.0,0.0
2026,0,CLE,team_defense.pass_epa_per_dropback,team_defense,lower_better,RANK_PERSISTENT,17,1030,-0.10952133340778106,0.03612076420012932,0.09487757506079898,"2023,2024,2025",16,-0.03890698305243057,-1.5350529091261105,-0.7907848319740569,0.7907848319740569,4,0.9032258064516129,prior_season_only,true,-0.03890698305243057,-0.03890698305243057,0.0,0.0
2026,0,CLE,team_defense.pass_success_rate,team_defense,lower_better,RANK_PERSISTENT,17,1030,0.42526690391459077,0.45363962350332016,0.03204062541287013,"2023,2024,2025",16,0.4390233740182171,-0.8855232762507997,-0.45617865746253383,0.45617865746253383,9,0.7419354838709677,prior_season_only,true,0.4390233740182171,0.4390233740182171,0.0,0.0
2026,0,CLE,team_defense.rush_epa_per_play,team_defense,lower_better,NOT_RANK_PERSISTENT,17,1030,-0.0776371884808427,-0.07599918977141418,0.064949391344954,"2023,2024,2025",14,-0.07689744712819756,-0.025219616004234897,-0.013830112002322356,0.013830112002322356,15,0.5483870967741935,prior_season_only,true,-0.07689744712819756,-0.07689744712819756,0.0,0.0
2026,0,CLE,team_defense.rush_success_rate,team_defense,lower_better,RANK_PERSISTENT,17,1030,0.3744292237442922,0.4019777133617364,0.032975036932461385,"2023,2024,2025",16,0.3877860671951742,-0.8354346857554175,-0.43037544417703355,0.43037544417703355,5,0.8709677419354839,prior_season_only,true,0.3877860671951742,0.3877860671951742,0.0,0.0
2026,0,CLE,team_defense.success_rate,team_defense,lower_better,RANK_PERSISTENT,17,1030,0.4087378640776699,0.43839550006288847,0.025454573794236213,"2023,2024,2025",16,0.423117323949291,-1.1651201165243668,-0.6002133933610369,0.6002133933610369,4,0.9032258064516129,prior_season_only,true,0.423117323949291,0.423117323949291,0.0,0.0
2026,0,CLE,team_offense.early_down_epa_per_play,team_offense,higher_better,UNVALIDATED_RANK_PERSISTENT,17,1074,-0.16365381402967955,-0.005377369437322377,0.078391754097071,"2023,2024,2025",8,-0.11300535176012527,-2.019044559155629,-1.3729503002258279,-1.3729503002258279,32,0.0,prior_season_only,true,-0.11300535176012527,-0.11300535176012527,0.0,0.0
2026,0,CLE,team_offense.epa_per_play,team_offense,higher_better,VALIDATED_PERSISTENCE,17,1074,-0.17609491222576204,-0.00013083193528753284,0.09208398177730366,"2023,2024,2025",8,-0.1197864065328102,-1.9109086824245596,-1.2994179040487006,-1.2994179040487006,31,0.03225806451612903,prior_season_only,true,-0.1197864065328102,-0.1197864065328102,0.0,0.0
2026,0,CLE,team_offense.explosive_pass_rate,team_offense,higher_better,RANK_PERSISTENT,17,1074,0.054773082942097026,0.0795744413888399,0.017733172299595607,"2023,2024,2025",16,0.06679798400718448,-1.3985855450865072,-0.7204834626203219,-0.7204834626203219,30,0.06451612903225806,prior_season_only,true,0.06679798400718448,0.06679798400718448,0.0,0.0
2026,0,CLE,team_offense.explosive_rush_rate,team_offense,higher_better,NOT_RANK_PERSISTENT,17,1074,0.07848101265822785,0.09901553176727344,0.01953435294400914,"2023,2024,2025",16,0.08843714313534086,-1.0512003734089994,-0.5415274650894848,-0.5415274650894848,26,0.1935483870967742,prior_season_only,false,0.08843714313534086,0.08843714313534086,0.0,0.0
2026,0,CLE,team_offense.pass_epa_per_dropback,team_offense,higher_better,UNVALIDATED_RANK_PERSISTENT,17,1074,-0.24994987937818847,0.030780199231029884,0.1279708212728859,"2023,2024,2025",8,-0.1601162542232386,-2.1937038132355773,-1.4917185930001928,-1.4917185930001928,32,0.0,prior_season_only,true,-0.1601162542232386,-0.1601162542232386,0.0,0.0
2026,0,CLE,team_offense.pass_success_rate,team_offense,higher_better,UNVALIDATED_RANK_PERSISTENT,17,1074,0.3442879499217527,0.4520797072840564,0.04182371000768115,"2023,2024,2025",8,0.37878131227768985,-2.5772882736253466,-1.7525560260652364,-1.7525560260652364,32,0.0,prior_season_only,true,0.37878131227768985,0.37878131227768985,0.0,0.0
2026,0,CLE,team_offense.proe,team_offense,neutral,VALIDATED_PERSISTENCE,17,1074,-0.06881580151118047,-0.047704012843975276,0.034857526884517355,"2023,2024,2025",4,-0.0647945084317128,-0.6056593956636207,-0.49029570125150224,-0.0,,,prior_season_only,false,-0.0647945084317128,-0.0647945084317128,0.0,0.0
2026,0,CLE,team_offense.rush_epa_per_play,team_offense,higher_better,RANK_PERSISTENT,17,1074,-0.11494826602811338,-0.08060335268387975,0.07536384453942868,"2023,2024,2025",16,-0.0982961868309092,-0.4557213549033468,-0.2347655464653605,-0.2347655464653605,26,0.1935483870967742,prior_season_only,true,-0.0982961868309092,-0.0982961868309092,0.0,0.0
2026,0,CLE,team_offense.rush_success_rate,team_offense,higher_better,RANK_PERSISTENT,17,1074,0.3392405063291139,0.4003685439967535,0.03852021536879744,"2023,2024,2025",12,0.3645348667433096,-1.5869079931768806,-0.9302564097933437,-0.9302564097933437,31,0.03225806451612903,prior_season_only,true,0.3645348667433096,0.3645348667433096,0.0,0.0
2026,0,CLE,team_offense.success_rate,team_offense,higher_better,VALIDATED_PERSISTENCE,17,1074,0.35195530726256985,0.4369580638820209,0.03373700043770765,"2023,2024,2025",4,0.3681463085234177,-2.519570664748368,-2.039652442891536,-2.039652442891536,32,0.0,prior_season_only,true,0.3681463085234177,0.3681463085234177,0.0,0.0
2026,0,DAL,pass_protection.qb_hit_rate_allowed,pass_protection,lower_better,UNVALIDATED_RANK_PERSISTENT,17,681,0.14096916299559473,0.14499729036016004,0.03272124457668314,"2023,2024,2025",8,0.14225816375225564,-0.12310434449170436,-0.0837109542543586,0.0837109542543586,17,0.4838709677419355,prior_season_only,true,0.14225816375225564,0.14225816375225564,0.0,0.0
2026,0,DAL,pass_protection.rush_stuffed_rate_approx,pass_protection,lower_better,RANK_PERSISTENT,17,681,0.15348837209302327,0.20453393402173106,0.032349993802877404,"2023,2024,2025",16,0.17823773545239674,-1.5779156632842228,-0.8128656447221755,0.8128656447221755,3,0.9354838709677419,prior_season_only,false,0.17823773545239674,0.17823773545239674,0.0,0.0
2026,0,DAL,pass_protection.sack_rate_allowed,pass_protection,lower_better,UNVALIDATED_RANK_PERSISTENT,17,681,0.04552129221732746,0.06640532746445256,0.01878109141151444,"2023,2024,2025",8,0.05220418349640749,-1.111971332737424,-0.7561405062614482,0.7561405062614482,6,0.8387096774193549,prior_season_only,true,0.05220418349640749,0.05220418349640749,0.0,0.0
2026,0,DAL,pass_rush.qb_hit_rate_generated,pass_rush,higher_better,RANK_PERSISTENT,17,631,0.1664025356576862,0.1441739694155678,0.023402668900553904,"2023,2024,2025",16,0.15562504899484092,0.9498303948398081,0.48930656703868947,0.48930656703868947,6,0.8387096774193549,prior_season_only,true,0.15562504899484092,0.15562504899484092,0.0,0.0
2026,0,DAL,pass_rush.sack_rate_generated,pass_rush,higher_better,NOT_RANK_PERSISTENT,17,631,0.0554675118858954,0.06604664154487218,0.012051753475340252,"2023,2024,2025",14,0.06024518334478814,-0.8778083355773338,-0.4813787646714409,-0.4813787646714409,26,0.1935483870967742,prior_season_only,true,0.06024518334478814,0.06024518334478814,0.0,0.0
2026,0,DAL,special_teams.fg_pct,special_teams,higher_better,NOT_RANK_PERSISTENT,17,238,0.8571428571428571,0.8507127173905934,0.06913215135025523,"2023,2024,2025",16,0.854025213626608,0.09301229061548592,0.04791542243828009,0.04791542243828009,16,0.5161290322580645,prior_season_only,false,0.854025213626608,0.854025213626608,0.0,0.0
2026,0,DAL,special_teams.st_epa_per_play,special_teams,higher_better,RANK_PERSISTENT,17,238,0.1824829664660078,0.06223172610307078,0.09283786774459722,"2023,2024,2025",16,0.12417933477488682,1.295282230024452,0.6672666033459298,0.6672666033459298,6,0.8387096774193549,prior_season_only,true,0.12417933477488682,0.12417933477488682,0.0,0.0
2026,0,DAL,team_defense.early_down_epa_per_play,team_defense,lower_better,RANK_PERSISTENT,17,1078,0.0924975122579433,-0.0013076969094549817,0.06388279864549935,"2023,2024,2025",16,0.04701619872223504,1.4683954234369945,0.7564461272251183,-0.7564461272251183,28,0.12903225806451613,prior_season_only,true,0.04701619872223504,0.04701619872223504,0.0,0.0
2026,0,DAL,team_defense.epa_per_play,team_defense,lower_better,RANK_PERSISTENT,17,1078,0.1619123782511925,0.004591155429042401,0.06774676986235148,"2023,2024,2025",16,0.08563542173136215,2.3221951857158185,1.196282368399058,-1.196282368399058,32,0.0,prior_season_only,true,0.08563542173136215,0.08563542173136215,0.0,0.0
2026,0,DAL,team_defense.explosive_pass_rate,team_defense,lower_better,NOT_RANK_PERSISTENT,17,1078,0.0919175911251981,0.07968322075124035,0.01121813986620499,"2023,2024,2025",14,0.08639239160147524,1.0905881473999255,0.5980644679289916,-0.5980644679289916,27,0.16129032258064516,prior_season_only,false,0.08639239160147524,0.08639239160147524,0.0,0.0
2026,0,DAL,team_defense.explosive_rush_rate,team_defense,lower_better,RANK_PERSISTENT,17,1078,0.13647642679900746,0.09995627452646601,0.020596023639878284,"2023,2024,2025",16,0.11876968630322979,1.7731651949471772,0.9134487367909703,-0.9134487367909703,31,0.03225806451612903,prior_season_only,true,0.11876968630322979,0.11876968630322979,0.0,0.0
2026,0,DAL,team_defense.pass_epa_per_dropback,team_defense,lower_better,RANK_PERSISTENT,17,1078,0.24108766269821238,0.03612076420012932,0.09487757506079898,"2023,2024,2025",16,0.1417097725173236,2.160330282121325,1.1128974180625006,-1.1128974180625006,31,0.03225806451612903,prior_season_only,true,0.1417097725173236,0.1417097725173236,0.0,0.0
2026,0,DAL,team_defense.pass_success_rate,team_defense,lower_better,RANK_PERSISTENT,17,1078,0.508716323296355,0.45363962350332016,0.03204062541287013,"2023,2024,2025",16,0.48201246885124716,1.7189645671183282,0.8855272012427744,-0.8855272012427744,30,0.06451612903225806,prior_season_only,true,0.48201246885124716,0.48201246885124716,0.0,0.0
2026,0,DAL,team_defense.rush_epa_per_play,team_defense,lower_better,NOT_RANK_PERSISTENT,17,1078,0.033512284183409145,-0.07599918977141418,0.064949391344954,"2023,2024,2025",14,-0.015944510505865907,1.6861046991679223,0.9246380608340218,-0.9246380608340218,29,0.0967741935483871,prior_season_only,true,-0.015944510505865907,-0.015944510505865907,0.0,0.0
2026,0,DAL,team_defense.rush_success_rate,team_defense,lower_better,RANK_PERSISTENT,17,1078,0.4491315136476427,0.4019777133617364,0.032975036932461385,"2023,2024,2025",16,0.42626906502417294,1.4299847603654094,0.7366588159458163,-0.7366588159458163,30,0.06451612903225806,prior_season_only,true,0.42626906502417294,0.42626906502417294,0.0,0.0
2026,0,DAL,team_defense.success_rate,team_defense,lower_better,RANK_PERSISTENT,17,1078,0.48608534322820035,0.43839550006288847,0.025454573794236213,"2023,2024,2025",16,0.462962995026837,1.8735274670405402,0.965150513323915,-0.965150513323915,31,0.03225806451612903,prior_season_only,true,0.462962995026837,0.462962995026837,0.0,0.0
2026,0,DAL,team_offense.early_down_epa_per_play,team_offense,higher_better,UNVALIDATED_RANK_PERSISTENT,17,1164,0.09474381217566845,-0.005377369437322377,0.078391754097071,"2023,2024,2025",8,0.06270503405951139,1.277190219382165,0.8684893491798722,0.8684893491798722,4,0.9032258064516129,prior_season_only,true,0.06270503405951139,0.06270503405951139,0.0,0.0
2026,0,DAL,team_offense.epa_per_play,team_offense,higher_better,VALIDATED_PERSISTENCE,17,1164,0.10860174201370688,-0.00013083193528753284,0.09208398177730366,"2023,2024,2025",8,0.07380731835002868,1.180797917839324,0.8029425841307405,0.8029425841307405,5,0.8709677419354839,prior_season_only,true,0.07380731835002868,0.07380731835002868,0.0,0.0
2026,0,DAL,team_offense.explosive_pass_rate,team_offense,higher_better,RANK_PERSISTENT,17,1164,0.08223201174743025,0.0795744413888399,0.017733172299595607,"2023,2024,2025",16,0.08094349278568948,0.1498643510417453,0.07720284750635381,0.07720284750635381,12,0.6451612903225806,prior_season_only,true,0.08094349278568948,0.08094349278568948,0.0,0.0
2026,0,DAL,team_offense.explosive_rush_rate,team_offense,higher_better,NOT_RANK_PERSISTENT,17,1164,0.09302325581395349,0.09901553176727344,0.01953435294400914,"2023,2024,2025",16,0.09592860173071467,-0.3067557942920084,-0.15802571221103495,-0.15802571221103495,19,0.41935483870967744,prior_season_only,false,0.09592860173071467,0.09592860173071467,0.0,0.0
2026,0,DAL,team_offense.pass_epa_per_dropback,team_offense,higher_better,UNVALIDATED_RANK_PERSISTENT,17,1164,0.15589642713202043,0.030780199231029884,0.1279708212728859,"2023,2024,2025",8,0.11585923420370345,0.9776934042971546,0.6648315149220652,0.6648315149220652,7,0.8064516129032258,prior_season_only,true,0.11585923420370345,0.11585923420370345,0.0,0.0
2026,0,DAL,team_offense.pass_success_rate,team_offense,higher_better,UNVALIDATED_RANK_PERSISTENT,17,1164,0.4831130690161527,0.4520797072840564,0.04182371000768115,"2023,2024,2025",8,0.4731823932618819,0.7420040385321357,0.5045627462018524,0.5045627462018524,8,0.7741935483870968,prior_season_only,true,0.4731823932618819,0.4731823932618819,0.0,0.0
2026,0,DAL,team_offense.proe,team_offense,neutral,VALIDATED_PERSISTENCE,17,1164,-0.047397188597464376,-0.047704012843975276,0.034857526884517355,"2023,2024,2025",4,-0.0474556313110855,0.008802237965057157,0.007125621209808098,0.0,,,prior_season_only,false,-0.0474556313110855,-0.0474556313110855,0.0,0.0
2026,0,DAL,team_offense.rush_epa_per_play,team_offense,higher_better,RANK_PERSISTENT,17,1164,-0.007528702212734125,-0.08060335268387975,0.07536384453942868,"2023,2024,2025",16,-0.0429588357745017,0.9696247705743648,0.49950366968982424,0.49950366968982424,8,0.7741935483870968,prior_season_only,true,-0.0429588357745017,-0.0429588357745017,0.0,0.0
2026,0,DAL,team_offense.rush_success_rate,team_offense,higher_better,RANK_PERSISTENT,17,1164,0.43953488372093025,0.4003685439967535,0.03852021536879744,"2023,2024,2025",12,0.42332812245575363,1.0167736433764258,0.5960397219792836,0.5960397219792836,7,0.8064516129032258,prior_season_only,true,0.42332812245575363,0.42332812245575363,0.0,0.0
2026,0,DAL,team_offense.success_rate,team_offense,higher_better,VALIDATED_PERSISTENCE,17,1164,0.47164948453608246,0.4369580638820209,0.03373700043770765,"2023,2024,2025",4,0.4650415948876898,1.028290014049001,0.8324252494682397,0.8324252494682397,6,0.8387096774193549,prior_season_only,true,0.4650415948876898,0.4650415948876898,0.0,0.0
2026,0,DEN,pass_protection.qb_hit_rate_allowed,pass_protection,lower_better,UNVALIDATED_RANK_PERSISTENT,17,671,0.10432190760059612,0.14499729036016004,0.03272124457668314,"2023,2024,2025",8,0.11733803008365658,-1.2430878863498005,-0.8452997627178643,0.8452997627178643,3,0.9354838709677419,prior_season_only,true,0.11733803008365658,0.11733803008365658,0.0,0.0
2026,0,DEN,pass_protection.rush_stuffed_rate_approx,pass_protection,lower_better,RANK_PERSISTENT,17,671,0.19464720194647203,0.20453393402173106,0.032349993802877404,"2023,2024,2025",16,0.1994407690132643,-0.3056177424794327,-0.1574394430954651,0.1574394430954651,16,0.5161290322580645,prior_season_only,false,0.1994407690132643,0.1994407690132643,0.0,0.0
2026,0,DEN,pass_protection.sack_rate_allowed,pass_protection,lower_better,UNVALIDATED_RANK_PERSISTENT,17,671,0.03427719821162444,0.06640532746445256,0.01878109141151444,"2023,2024,2025",8,0.04455819957252943,-1.7106635897171973,-1.1632512410076945,1.1632512410076945,1,1.0,prior_season_only,true,0.04455819957252943,0.04455819957252943,0.0,0.0
2026,0,DEN,pass_rush.qb_hit_rate_generated,pass_rush,higher_better,RANK_PERSISTENT,17,693,0.215007215007215,0.1441739694155678,0.023402668900553904,"2023,2024,2025",16,0.18066382320520424,3.0267165635100155,1.559217623626372,1.559217623626372,1,1.0,prior_season_only,true,0.18066382320520424,0.18066382320520424,0.0,0.0
2026,0,DEN,pass_rush.sack_rate_generated,pass_rush,higher_better,NOT_RANK_PERSISTENT,17,693,0.09812409812409813,0.06604664154487218,0.012051753475340252,"2023,2024,2025",14,0.08363750483025414,2.661642278433705,1.4596102817217087,1.4596102817217087,1,1.0,prior_season_only,true,0.08363750483025414,0.08363750483025414,0.0,0.0
2026,0,DEN,special_teams.fg_pct,special_teams,higher_better,NOT_RANK_PERSISTENT,17,223,0.875,0.8507127173905934,0.06913215135025523,"2023,2024,2025",16,0.8632243478257422,0.35131674821395437,0.18098135514052116,0.18098135514052116,14,0.5806451612903226,prior_season_only,false,0.8632243478257422,0.8632243478257422,0.0,0.0
2026,0,DEN,special_teams.st_epa_per_play,special_teams,higher_better,RANK_PERSISTENT,17,223,0.05724750551129629,0.06223172610307078,0.09283786774459722,"2023,2024,2025",16,0.05966409731336877,-0.053687366080901355,-0.027657127981070416,-0.027657127981070416,22,0.3225806451612903,prior_season_only,true,0.05966409731336877,0.05966409731336877,0.0,0.0
2026,0,DEN,team_defense.early_down_epa_per_play,team_defense,lower_better,RANK_PERSISTENT,17,1115,-0.0556062901333648,-0.0013076969094549817,0.06388279864549935,"2023,2024,2025",16,-0.02927969947934792,-0.8499720484261415,-0.4378643885831638,0.4378643885831638,7,0.8064516129032258,prior_season_only,true,-0.02927969947934792,-0.02927969947934792,0.0,0.0
2026,0,DEN,team_defense.epa_per_play,team_defense,lower_better,RANK_PERSISTENT,17,1115,-0.058432754298348676,0.004591155429042401,0.06774676986235148,"2023,2024,2025",16,-0.027875707157795426,-0.9302865635578441,-0.4792385327419197,0.4792385327419197,8,0.7741935483870968,prior_season_only,true,-0.027875707157795426,-0.027875707157795426,0.0,0.0
2026,0,DEN,team_defense.explosive_pass_rate,team_defense,lower_better,NOT_RANK_PERSISTENT,17,1115,0.05772005772005772,0.07968322075124035,0.01121813986620499,"2023,2024,2025",14,0.0676389055405918,-1.957825744118895,-1.0736463758071362,1.0736463758071362,1,1.0,prior_season_only,false,0.0676389055405918,0.0676389055405918,0.0,0.0
2026,0,DEN,team_defense.explosive_rush_rate,team_defense,lower_better,RANK_PERSISTENT,17,1115,0.05913978494623656,0.09995627452646601,0.020596023639878284,"2023,2024,2025",16,0.07892959807604477,-1.9817655239625982,-1.020909512344369,1.020909512344369,3,0.9354838709677419,prior_season_only,true,0.07892959807604477,0.07892959807604477,0.0,0.0
2026,0,DEN,team_defense.pass_epa_per_dropback,team_defense,lower_better,RANK_PERSISTENT,17,1115,-0.07845194040437595,0.03612076420012932,0.09487757506079898,"2023,2024,2025",16,-0.022901538171888544,-1.207584664037686,-0.6220890693527473,0.6220890693527473,5,0.8709677419354839,prior_season_only,true,-0.022901538171888544,-0.022901538171888544,0.0,0.0
2026,0,DEN,team_defense.pass_success_rate,team_defense,lower_better,RANK_PERSISTENT,17,1115,0.3708513708513709,0.45363962350332016,0.03204062541287013,"2023,2024,2025",16,0.41099112971292207,-2.5838525804397925,-1.3310755717417107,1.3310755717417107,1,1.0,prior_season_only,true,0.41099112971292207,0.41099112971292207,0.0,0.0
2026,0,DEN,team_defense.rush_epa_per_play,team_defense,lower_better,NOT_RANK_PERSISTENT,17,1115,-0.10534557455319346,-0.07599918977141418,0.064949391344954,"2023,2024,2025",14,-0.09209236852271249,-0.4518346388485323,-0.24778028582016284,0.24778028582016284,8,0.7741935483870968,prior_season_only,true,-0.09209236852271249,-0.09209236852271249,0.0,0.0
2026,0,DEN,team_defense.rush_success_rate,team_defense,lower_better,RANK_PERSISTENT,17,1115,0.3629032258064516,0.4019777133617364,0.032975036932461385,"2023,2024,2025",16,0.3818484318938624,-1.184971760162577,-0.6104399976595093,0.6104399976595093,2,0.967741935483871,prior_season_only,true,0.3818484318938624,0.3818484318938624,0.0,0.0
2026,0,DEN,team_defense.success_rate,team_defense,lower_better,RANK_PERSISTENT,17,1115,0.3775784753363229,0.43839550006288847,0.025454573794236213,"2023,2024,2025",16,0.40706551762799104,-2.389237597069358,-1.2308193681872455,1.2308193681872455,1,1.0,prior_season_only,true,0.40706551762799104,0.40706551762799104,0.0,0.0
2026,0,DEN,team_offense.early_down_epa_per_play,team_offense,higher_better,UNVALIDATED_RANK_PERSISTENT,17,1116,0.02224034088344092,-0.005377369437322377,0.078391754097071,"2023,2024,2025",8,0.013402673580796665,0.3523037676458268,0.23956656199916226,0.23956656199916226,15,0.5483870967741935,prior_season_only,true,0.013402673580796665,0.013402673580796665,0.0,0.0
2026,0,DEN,team_offense.epa_per_play,team_offense,higher_better,VALIDATED_PERSISTENCE,17,1116,0.03548949977822917,-0.00013083193528753284,0.09208398177730366,"2023,2024,2025",8,0.024090993629903825,0.38682440774184895,0.26304059726445733,0.26304059726445733,15,0.5483870967741935,prior_season_only,true,0.024090993629903825,0.024090993629903825,0.0,0.0
2026,0,DEN,team_offense.explosive_pass_rate,team_offense,higher_better,RANK_PERSISTENT,17,1116,0.07004470938897168,0.0795744413888399,0.017733172299595607,"2023,2024,2025",16,0.07466518551011991,-0.537395782258628,-0.2768402514665658,-0.2768402514665658,22,0.3225806451612903,prior_season_only,true,0.07466518551011991,0.07466518551011991,0.0,0.0
2026,0,DEN,team_offense.explosive_rush_rate,team_offense,higher_better,NOT_RANK_PERSISTENT,17,1116,0.09732360097323602,0.09901553176727344,0.01953435294400914,"2023,2024,2025",16,0.09814393105519356,-0.0866130963685856,-0.044618867826240784,-0.044618867826240784,16,0.5161290322580645,prior_season_only,false,0.09814393105519356,0.09814393105519356,0.0,0.0
2026,0,DEN,team_offense.pass_epa_per_dropback,team_offense,higher_better,UNVALIDATED_RANK_PERSISTENT,17,1116,0.10671367576466763,0.030780199231029884,0.1279708212728859,"2023,2024,2025",8,0.08241496327390355,0.5933655483207118,0.403488572858084,0.403488572858084,10,0.7096774193548387,prior_season_only,true,0.08241496327390355,0.08241496327390355,0.0,0.0
2026,0,DEN,team_offense.pass_success_rate,team_offense,higher_better,UNVALIDATED_RANK_PERSISTENT,17,1116,0.44709388971684055,0.4520797072840564,0.04182371000768115,"2023,2024,2025",8,0.44868935133834964,-0.1192103131525195,-0.08106301294371278,-0.08106301294371278,21,0.3548387096774194,prior_season_only,true,0.44868935133834964,0.44868935133834964,0.0,0.0
2026,0,DEN,team_offense.proe,team_offense,neutral,VALIDATED_PERSISTENCE,17,1116,-0.009555252195472786,-0.047704012843975276,0.034857526884517355,"2023,2024,2025",4,-0.016821682795187545,1.0944196005324462,0.8859587242405518,0.0,,,prior_season_only,false,-0.016821682795187545,-0.016821682795187545,0.0,0.0
2026,0,DEN,team_offense.rush_epa_per_play,team_offense,higher_better,RANK_PERSISTENT,17,1116,-0.06936747639777961,-0.08060335268387975,0.07536384453942868,"2023,2024,2025",16,-0.07481517399104029,0.1490884170621335,0.07680312394109899,0.07680312394109899,16,0.5161290322580645,prior_season_only,true,-0.07481517399104029,-0.07481517399104029,0.0,0.0
2026,0,DEN,team_offense.rush_success_rate,team_offense,higher_better,RANK_PERSISTENT,17,1116,0.4233576642335766,0.4003685439967535,0.03852021536879744,"2023,2024,2025",12,0.413844924825236,0.5968066381956172,0.3498521672181199,0.3498521672181199,11,0.6774193548387096,prior_season_only,true,0.413844924825236,0.413844924825236,0.0,0.0
2026,0,DEN,team_offense.success_rate,team_offense,higher_better,VALIDATED_PERSISTENCE,17,1116,0.43637992831541217,0.4369580638820209,0.03373700043770765,"2023,2024,2025",4,0.4364900493757186,-0.01713654323466649,-0.013872439761396136,-0.013872439761396136,19,0.41935483870967744,prior_season_only,true,0.4364900493757186,0.4364900493757186,0.0,0.0
2026,0,DET,pass_protection.qb_hit_rate_allowed,pass_protection,lower_better,UNVALIDATED_RANK_PERSISTENT,17,624,0.1907051282051282,0.14499729036016004,0.03272124457668314,"2023,2024,2025",8,0.1760786200947384,1.3968856758443453,0.9498822595741554,-0.9498822595741554,28,0.12903225806451613,prior_season_only,true,0.1760786200947384,0.1760786200947384,0.0,0.0
2026,0,DET,pass_protection.rush_stuffed_rate_approx,pass_protection,lower_better,RANK_PERSISTENT,17,624,0.20137299771167047,0.20453393402173106,0.032349993802877404,"2023,2024,2025",16,0.2029055728923059,-0.0977105692607409,-0.05033574780098794,0.05033574780098794,19,0.41935483870967744,prior_season_only,false,0.2029055728923059,0.2029055728923059,0.0,0.0
2026,0,DET,pass_protection.sack_rate_allowed,pass_protection,lower_better,UNVALIDATED_RANK_PERSISTENT,17,624,0.0625,0.06640532746445256,0.01878109141151444,"2023,2024,2025",8,0.06374970478862482,-0.2079393246581109,-0.14139874076751524,0.14139874076751524,16,0.5161290322580645,prior_season_only,true,0.06374970478862482,0.06374970478862482,0.0,0.0
2026,0,DET,pass_rush.qb_hit_rate_generated,pass_rush,higher_better,RANK_PERSISTENT,17,635,0.15590551181102363,0.1441739694155678,0.023402668900553904,"2023,2024,2025",16,0.1502174912556511,0.5012907906062876,0.25824071031232954,0.25824071031232954,12,0.6451612903225806,prior_season_only,true,0.1502174912556511,0.1502174912556511,0.0,0.0
2026,0,DET,pass_rush.sack_rate_generated,pass_rush,higher_better,NOT_RANK_PERSISTENT,17,635,0.07716535433070866,0.06604664154487218,0.012051753475340252,"2023,2024,2025",14,0.07214400016936315,0.9225805032095192,0.5059312436955425,0.5059312436955425,6,0.8387096774193549,prior_season_only,true,0.07214400016936315,0.07214400016936315,0.0,0.0
2026,0,DET,special_teams.fg_pct,special_teams,higher_better,NOT_RANK_PERSISTENT,17,237,0.7941176470588235,0.8507127173905934,0.06913215135025523,"2023,2024,2025",16,0.8215576811590756,-0.8186505009085179,-0.4217290459225697,-0.4217290459225697,27,0.16129032258064516,prior_season_only,false,0.8215576811590756,0.8215576811590756,0.0,0.0
2026,0,DET,special_teams.st_epa_per_play,special_teams,higher_better,RANK_PERSISTENT,17,237,0.13397014305203533,0.06223172610307078,0.09283786774459722,"2023,2024,2025",16,0.09918788028890099,0.7727279685733565,0.39807198381051684,0.39807198381051684,11,0.6774193548387096,prior_season_only,true,0.09918788028890099,0.09918788028890099,0.0,0.0
2026,0,DET,team_defense.early_down_epa_per_play,team_defense,lower_better,RANK_PERSISTENT,17,1080,-0.030704332339726106,-0.0013076969094549817,0.06388279864549935,"2023,2024,2025",16,-0.016451418191715864,-0.4601651157050892,-0.23705475657534897,0.23705475657534897,12,0.6451612903225806,prior_season_only,true,-0.016451418191715864,-0.016451418191715864,0.0,0.0
2026,0,DET,team_defense.epa_per_play,team_defense,lower_better,RANK_PERSISTENT,17,1080,0.011600128525078381,0.004591155429042401,0.06774676986235148,"2023,2024,2025",16,0.008201838539121542,0.1034584100507947,0.05329675669283363,-0.05329675669283363,15,0.5483870967741935,prior_season_only,true,0.008201838539121542,0.008201838539121542,0.0,0.0
2026,0,DET,team_defense.explosive_pass_rate,team_defense,lower_better,NOT_RANK_PERSISTENT,17,1080,0.09133858267716535,0.07968322075124035,0.01121813986620499,"2023,2024,2025",14,0.08607487083965083,1.0389745595022541,0.5697602423076876,-0.5697602423076876,26,0.1935483870967742,prior_season_only,false,0.08607487083965083,0.08607487083965083,0.0,0.0
2026,0,DET,team_defense.explosive_rush_rate,team_defense,lower_better,RANK_PERSISTENT,17,1080,0.1125,0.09995627452646601,0.020596023639878284,"2023,2024,2025",16,0.1064181937098017,0.6090362728680634,0.31374595875021427,-0.31374595875021427,24,0.25806451612903225,prior_season_only,true,0.1064181937098017,0.1064181937098017,0.0,0.0
2026,0,DET,team_defense.pass_epa_per_dropback,team_defense,lower_better,RANK_PERSISTENT,17,1080,0.007429013289104537,0.03612076420012932,0.09487757506079898,"2023,2024,2025",16,0.02134016524596504,-0.3024081390427472,-0.15578601102202128,0.15578601102202128,14,0.5806451612903226,prior_season_only,true,0.02134016524596504,0.02134016524596504,0.0,0.0
2026,0,DET,team_defense.pass_success_rate,team_defense,lower_better,RANK_PERSISTENT,17,1080,0.4220472440944882,0.45363962350332016,0.03204062541287013,"2023,2024,2025",16,0.43736476138361885,-0.9860100732035616,-0.5079445831654706,0.5079445831654706,7,0.8064516129032258,prior_season_only,true,0.43736476138361885,0.43736476138361885,0.0,0.0
2026,0,DET,team_defense.rush_epa_per_play,team_defense,lower_better,NOT_RANK_PERSISTENT,17,1080,-0.03689568449454315,-0.07599918977141418,0.064949391344954,"2023,2024,2025",14,-0.05455533203893652,0.6020611504915824,0.33016256639860964,-0.33016256639860964,23,0.2903225806451613,prior_season_only,true,-0.05455533203893652,-0.05455533203893652,0.0,0.0
2026,0,DET,team_defense.rush_success_rate,team_defense,lower_better,RANK_PERSISTENT,17,1080,0.41,0.4019777133617364,0.032975036932461385,"2023,2024,2025",16,0.4061104064784176,0.243283628603499,0.12532792988665079,-0.12532792988665079,16,0.5161290322580645,prior_season_only,true,0.4061104064784176,0.4061104064784176,0.0,0.0
2026,0,DET,team_defense.success_rate,team_defense,lower_better,RANK_PERSISTENT,17,1080,0.425,0.43839550006288847,0.025454573794236213,"2023,2024,2025",16,0.43149478790927925,-0.5262512022857627,-0.271099104207817,0.271099104207817,10,0.7096774193548387,prior_season_only,true,0.43149478790927925,0.43149478790927925,0.0,0.0
2026,0,DET,team_offense.early_down_epa_per_play,team_offense,higher_better,UNVALIDATED_RANK_PERSISTENT,17,1087,0.08203501164465785,-0.005377369437322377,0.078391754097071,"2023,2024,2025",8,0.054063049698424175,1.115071120538254,0.7582483619660128,0.7582483619660128,5,0.8709677419354839,prior_season_only,true,0.054063049698424175,0.054063049698424175,0.0,0.0
2026,0,DET,team_offense.epa_per_play,team_offense,higher_better,VALIDATED_PERSISTENCE,17,1087,0.07119031816248102,-0.00013083193528753284,0.09208398177730366,"2023,2024,2025",8,0.04836755013119508,0.7745228727212509,0.5266755534504506,0.5266755534504506,9,0.7419354838709677,prior_season_only,true,0.04836755013119508,0.04836755013119508,0.0,0.0
2026,0,DET,team_offense.explosive_pass_rate,team_offense,higher_better,RANK_PERSISTENT,17,1087,0.10576923076923077,0.0795744413888399,0.017733172299595607,"2023,2024,2025",16,0.09306872682722307,1.477163190986884,0.7609628559629401,0.7609628559629401,4,0.9032258064516129,prior_season_only,true,0.09306872682722307,0.09306872682722307,0.0,0.0
2026,0,DET,team_offense.explosive_rush_rate,team_offense,higher_better,NOT_RANK_PERSISTENT,17,1087,0.09839816933638444,0.09901553176727344,0.01953435294400914,"2023,2024,2025",16,0.09869749657560335,-0.03160393552110648,-0.01628081526844875,-0.01628081526844875,13,0.6129032258064516,prior_season_only,false,0.09869749657560335,0.09869749657560335,0.0,0.0
2026,0,DET,team_offense.pass_epa_per_dropback,team_offense,higher_better,UNVALIDATED_RANK_PERSISTENT,17,1087,0.1703048334878439,0.030780199231029884,0.1279708212728859,"2023,2024,2025",8,0.1256569505256634,1.0902847451396023,0.7413936266949295,0.7413936266949295,5,0.8709677419354839,prior_season_only,true,0.1256569505256634,0.1256569505256634,0.0,0.0
2026,0,DET,team_offense.pass_success_rate,team_offense,higher_better,UNVALIDATED_RANK_PERSISTENT,17,1087,0.483974358974359,0.4520797072840564,0.04182371000768115,"2023,2024,2025",8,0.47376807043346214,0.7625973803960712,0.5185662186693283,0.5185662186693283,7,0.8064516129032258,prior_season_only,true,0.47376807043346214,0.47376807043346214,0.0,0.0
2026,0,DET,team_offense.proe,team_offense,neutral,VALIDATED_PERSISTENCE,17,1087,-0.06643382383796635,-0.047704012843975276,0.034857526884517355,"2023,2024,2025",4,-0.06286624079149186,-0.5373247234676963,-0.434977157092897,-0.0,,,prior_season_only,false,-0.06286624079149186,-0.06286624079149186,0.0,0.0
2026,0,DET,team_offense.rush_epa_per_play,team_offense,higher_better,RANK_PERSISTENT,17,1087,-0.0709087788266233,-0.08060335268387975,0.07536384453942868,"2023,2024,2025",16,-0.07560917827256582,0.12863693348585023,0.0662675111896805,0.0662675111896805,17,0.4838709677419355,prior_season_only,true,-0.07560917827256582,-0.07560917827256582,0.0,0.0
2026,0,DET,team_offense.rush_success_rate,team_offense,higher_better,RANK_PERSISTENT,17,1087,0.39816933638443935,0.4003685439967535,0.03852021536879744,"2023,2024,2025",12,0.3990793533274659,-0.05709229793391941,-0.03346789878884866,-0.03346789878884866,22,0.3225806451612903,prior_season_only,true,0.3990793533274659,0.3990793533274659,0.0,0.0
2026,0,DET,team_offense.success_rate,team_offense,higher_better,VALIDATED_PERSISTENCE,17,1087,0.44986200551977923,0.4369580638820209,0.03373700043770765,"2023,2024,2025",4,0.4474041118744919,0.382486334598249,0.3096317946747726,0.3096317946747726,12,0.6451612903225806,prior_season_only,true,0.4474041118744919,0.4474041118744919,0.0,0.0
2026,0,GB,pass_protection.qb_hit_rate_allowed,pass_protection,lower_better,UNVALIDATED_RANK_PERSISTENT,17,552,0.14673913043478262,0.14499729036016004,0.03272124457668314,"2023,2024,2025",8,0.1461817416109034,0.05323269628514679,0.03619823347389955,-0.03619823347389955,20,0.3870967741935484,prior_season_only,true,0.1461817416109034,0.1461817416109034,0.0,0.0
2026,0,GB,pass_protection.rush_stuffed_rate_approx,pass_protection,lower_better,RANK_PERSISTENT,17,552,0.1707865168539326,0.20453393402173106,0.032349993802877404,"2023,2024,2025",16,0.18714890093528944,-1.0431970211010295,-0.5374045260217422,0.5374045260217422,8,0.7741935483870968,prior_season_only,false,0.18714890093528944,0.18714890093528944,0.0,0.0
2026,0,GB,pass_protection.sack_rate_allowed,pass_protection,lower_better,UNVALIDATED_RANK_PERSISTENT,17,552,0.05253623188405797,0.06640532746445256,0.01878109141151444,"2023,2024,2025",8,0.05697434246978424,-0.7384605759328572,-0.5021531916343429,0.5021531916343429,12,0.6451612903225806,prior_season_only,true,0.05697434246978424,0.05697434246978424,0.0,0.0
2026,0,GB,pass_rush.qb_hit_rate_generated,pass_rush,higher_better,RANK_PERSISTENT,17,610,0.16229508196721312,0.1441739694155678,0.023402668900553904,"2023,2024,2025",16,0.15350908800277902,0.7743182039898209,0.398891195994756,0.398891195994756,8,0.7741935483870968,prior_season_only,true,0.15350908800277902,0.15350908800277902,0.0,0.0
2026,0,GB,pass_rush.sack_rate_generated,pass_rush,higher_better,NOT_RANK_PERSISTENT,17,610,0.05901639344262295,0.06604664154487218,0.012051753475340252,"2023,2024,2025",14,0.06219134419847744,-0.5833381936192272,-0.31989513843635065,-0.31989513843635065,22,0.3225806451612903,prior_season_only,true,0.06219134419847744,0.06219134419847744,0.0,0.0
2026,0,GB,special_teams.fg_pct,special_teams,higher_better,NOT_RANK_PERSISTENT,17,208,0.8235294117647058,0.8507127173905934,0.06913215135025523,"2023,2024,2025",16,0.8367091963105907,-0.3932078648639827,-0.20256162735417302,-0.20256162735417302,23,0.2903225806451613,prior_season_only,false,0.8367091963105907,0.8367091963105907,0.0,0.0
2026,0,GB,special_teams.st_epa_per_play,special_teams,higher_better,RANK_PERSISTENT,17,208,0.09410692018422201,0.06223172610307078,0.09283786774459722,"2023,2024,2025",16,0.07865228062972444,0.3433425912887388,0.17687345611844119,0.17687345611844119,18,0.45161290322580644,prior_season_only,true,0.07865228062972444,0.07865228062972444,0.0,0.0
2026,0,GB,team_defense.early_down_epa_per_play,team_defense,lower_better,RANK_PERSISTENT,17,1106,0.04293833795341605,-0.0013076969094549817,0.06388279864549935,"2023,2024,2025",16,0.02148571498959979,0.6926126563177463,0.3568004593152026,-0.3568004593152026,21,0.3548387096774194,prior_season_only,true,0.02148571498959979,0.02148571498959979,0.0,0.0
2026,0,GB,team_defense.epa_per_play,team_defense,lower_better,RANK_PERSISTENT,17,1106,0.04163188875825536,0.004591155429042401,0.06774676986235148,"2023,2024,2025",16,0.023672745325909683,0.5467527589060359,0.28166051216371546,-0.28166051216371546,22,0.3225806451612903,prior_season_only,true,0.023672745325909683,0.023672745325909683,0.0,0.0
2026,0,GB,team_defense.explosive_pass_rate,team_defense,lower_better,NOT_RANK_PERSISTENT,17,1106,0.06721311475409836,0.07968322075124035,0.01121813986620499,"2023,2024,2025",14,0.0728447755270012,-1.1116019363164287,-0.6095881586251382,0.6095881586251382,7,0.8064516129032258,prior_season_only,false,0.0728447755270012,0.0728447755270012,0.0,0.0
2026,0,GB,team_defense.explosive_rush_rate,team_defense,lower_better,RANK_PERSISTENT,17,1106,0.07894736842105263,0.09995627452646601,0.020596023639878284,"2023,2024,2025",16,0.08913350471458639,-1.0200467076924338,-0.5254786069930717,0.5254786069930717,6,0.8387096774193549,prior_season_only,true,0.08913350471458639,0.08913350471458639,0.0,0.0
2026,0,GB,team_defense.pass_epa_per_dropback,team_defense,lower_better,RANK_PERSISTENT,17,1106,0.08954767356876303,0.03612076420012932,0.09487757506079898,"2023,2024,2025",16,0.06364371751124366,0.5631141956821403,0.2900891311089814,-0.2900891311089814,21,0.3548387096774194,prior_season_only,true,0.06364371751124366,0.06364371751124366,0.0,0.0
2026,0,GB,team_defense.pass_success_rate,team_defense,lower_better,RANK_PERSISTENT,17,1106,0.4459016393442623,0.45363962350332016,0.03204062541287013,"2023,2024,2025",16,0.4496533892395631,-0.241505403198205,-0.12441187437483203,0.12441187437483203,13,0.6129032258064516,prior_season_only,true,0.4496533892395631,0.4496533892395631,0.0,0.0
2026,0,GB,team_defense.rush_epa_per_play,team_defense,lower_better,NOT_RANK_PERSISTENT,17,1106,-0.06386951116921051,-0.07599918977141418,0.064949391344954,"2023,2024,2025",14,-0.06934743053794765,0.18675584714537954,0.1024144968216598,-0.1024144968216598,18,0.45161290322580644,prior_season_only,true,-0.06934743053794765,-0.06934743053794765,0.0,0.0
2026,0,GB,team_defense.rush_success_rate,team_defense,lower_better,RANK_PERSISTENT,17,1106,0.4407894736842105,0.4019777133617364,0.032975036932461385,"2023,2024,2025",16,0.42197165049755636,1.177004301828907,0.606335549427012,-0.606335549427012,28,0.12903225806451613,prior_season_only,true,0.42197165049755636,0.42197165049755636,0.0,0.0
2026,0,GB,team_defense.success_rate,team_defense,lower_better,RANK_PERSISTENT,17,1106,0.4511754068716094,0.43839550006288847,0.025454573794236213,"2023,2024,2025",16,0.4449790884188962,0.5020672085114518,0.2586406831725661,-0.2586406831725661,19,0.41935483870967744,prior_season_only,true,0.4449790884188962,0.4449790884188962,0.0,0.0
2026,0,GB,team_offense.early_down_epa_per_play,team_offense,higher_better,UNVALIDATED_RANK_PERSISTENT,17,1028,0.07343577766818649,-0.005377369437322377,0.078391754097071,"2023,2024,2025",8,0.048215570594423655,1.0053754762001634,0.6836553238161112,0.6836553238161112,7,0.8064516129032258,prior_season_only,true,0.048215570594423655,0.048215570594423655,0.0,0.0
2026,0,GB,team_offense.epa_per_play,team_offense,higher_better,VALIDATED_PERSISTENCE,17,1028,0.12231009683882213,-0.00013083193528753284,0.09208398177730366,"2023,2024,2025",8,0.08312899963110704,1.329665881197681,0.9041727992144231,0.9041727992144231,4,0.9032258064516129,prior_season_only,true,0.08312899963110704,0.08312899963110704,0.0,0.0
2026,0,GB,team_offense.explosive_pass_rate,team_offense,higher_better,RANK_PERSISTENT,17,1028,0.10507246376811594,0.0795744413888399,0.017733172299595607,"2023,2024,2025",16,0.09270978625089119,1.4378714619412738,0.740721662212171,0.740721662212171,5,0.8709677419354839,prior_season_only,true,0.09270978625089119,0.09270978625089119,0.0,0.0
2026,0,GB,team_offense.explosive_rush_rate,team_offense,higher_better,NOT_RANK_PERSISTENT,17,1028,0.10337078651685393,0.09901553176727344,0.01953435294400914,"2023,2024,2025",16,0.10125914785039067,0.2229536223730496,0.11485489637399558,0.11485489637399558,12,0.6451612903225806,prior_season_only,false,0.10125914785039067,0.10125914785039067,0.0,0.0
2026,0,GB,team_offense.pass_epa_per_dropback,team_offense,higher_better,UNVALIDATED_RANK_PERSISTENT,17,1028,0.252718841823593,0.030780199231029884,0.1279708212728859,"2023,2024,2025",8,0.18169847619397284,1.734290992157498,1.179317874667099,1.179317874667099,2,0.967741935483871,prior_season_only,true,0.18169847619397284,0.18169847619397284,0.0,0.0
2026,0,GB,team_offense.pass_success_rate,team_offense,higher_better,UNVALIDATED_RANK_PERSISTENT,17,1028,0.5054347826086957,0.4520797072840564,0.04182371000768115,"2023,2024,2025",8,0.4883611585048111,1.275713591999379,0.8674852425595776,0.8674852425595776,5,0.8709677419354839,prior_season_only,true,0.4883611585048111,0.4883611585048111,0.0,0.0
2026,0,GB,team_offense.proe,team_offense,neutral,VALIDATED_PERSISTENCE,17,1028,-0.06513934376276305,-0.047704012843975276,0.034857526884517355,"2023,2024,2025",4,-0.06181832834966062,-0.5001884091361631,-0.40491442644356074,-0.0,,,prior_season_only,false,-0.06181832834966062,-0.06181832834966062,0.0,0.0
2026,0,GB,team_offense.rush_epa_per_play,team_offense,higher_better,RANK_PERSISTENT,17,1028,-0.07571661027294299,-0.08060335268387975,0.07536384453942868,"2023,2024,2025",16,-0.0780859399267305,0.06484200004393514,0.03340345456808787,0.03340345456808787,21,0.3548387096774194,prior_season_only,true,-0.0780859399267305,-0.0780859399267305,0.0,0.0
2026,0,GB,team_offense.rush_success_rate,team_offense,higher_better,RANK_PERSISTENT,17,1028,0.4337078651685393,0.4003685439967535,0.03852021536879744,"2023,2024,2025",12,0.41991228399400726,0.865501941061101,0.5073632068289217,0.5073632068289217,9,0.7419354838709677,prior_season_only,true,0.41991228399400726,0.41991228399400726,0.0,0.0
2026,0,GB,team_offense.success_rate,team_offense,higher_better,VALIDATED_PERSISTENCE,17,1028,0.4805447470817121,0.4369580638820209,0.03373700043770765,"2023,2024,2025",4,0.4722425217103423,1.2919549051247183,1.0458682565295332,1.0458682565295332,5,0.8709677419354839,prior_season_only,true,0.4722425217103423,0.4722425217103423,0.0,0.0
2026,0,HOU,pass_protection.qb_hit_rate_allowed,pass_protection,lower_better,UNVALIDATED_RANK_PERSISTENT,17,643,0.12130637636080871,0.14499729036016004,0.03272124457668314,"2023,2024,2025",8,0.12888746884060115,-0.7240223990817654,-0.49233523137560004,0.49233523137560004,8,0.7741935483870968,prior_season_only,true,0.12888746884060115,0.12888746884060115,0.0,0.0
2026,0,HOU,pass_protection.rush_stuffed_rate_approx,pass_protection,lower_better,RANK_PERSISTENT,17,643,0.2371364653243848,0.20453393402173106,0.032349993802877404,"2023,2024,2025",16,0.22132917742006783,1.007806415707995,0.5191730020313914,-0.5191730020313914,27,0.16129032258064516,prior_season_only,false,0.22132917742006783,0.22132917742006783,0.0,0.0
2026,0,HOU,pass_protection.sack_rate_allowed,pass_protection,lower_better,UNVALIDATED_RANK_PERSISTENT,17,643,0.04821150855365474,0.06640532746445256,0.01878109141151444,"2023,2024,2025",8,0.05403353060511004,-0.9687306510655408,-0.6587368427245678,0.6587368427245678,7,0.8064516129032258,prior_season_only,true,0.05403353060511004,0.05403353060511004,0.0,0.0
2026,0,HOU,pass_rush.qb_hit_rate_generated,pass_rush,higher_better,RANK_PERSISTENT,17,618,0.14401294498381878,0.1441739694155678,0.023402668900553904,"2023,2024,2025",16,0.14409101743557587,-0.0068806012012243645,-0.0035445521339643182,-0.0035445521339643182,17,0.4838709677419355,prior_season_only,true,0.14409101743557587,0.14409101743557587,0.0,0.0
2026,0,HOU,pass_rush.sack_rate_generated,pass_rush,higher_better,NOT_RANK_PERSISTENT,17,618,0.07605177993527508,0.06604664154487218,0.012051753475340252,"2023,2024,2025",14,0.07153333033960925,0.830181135954611,0.4552606229428509,0.4552606229428509,8,0.7741935483870968,prior_season_only,true,0.07153333033960925,0.07153333033960925,0.0,0.0
2026,0,HOU,special_teams.fg_pct,special_teams,higher_better,NOT_RANK_PERSISTENT,17,223,0.9230769230769231,0.8507127173905934,0.06913215135025523,"2023,2024,2025",16,0.887991247592642,1.046751826363676,0.5392357893388632,0.5392357893388632,6,0.8387096774193549,prior_season_only,false,0.887991247592642,0.887991247592642,0.0,0.0
2026,0,HOU,special_teams.st_epa_per_play,special_teams,higher_better,RANK_PERSISTENT,17,223,0.12850900886269298,0.06223172610307078,0.09283786774459722,"2023,2024,2025",16,0.09637456873681555,0.7139035435621501,0.36776849213807733,0.36776849213807733,12,0.6451612903225806,prior_season_only,true,0.09637456873681555,0.09637456873681555,0.0,0.0
2026,0,HOU,team_defense.early_down_epa_per_play,team_defense,lower_better,RANK_PERSISTENT,17,1027,-0.1329193805523282,-0.0013076969094549817,0.06388279864549935,"2023,2024,2025",16,-0.06910765514972299,-2.0602053515722965,-1.0613179083857283,1.0613179083857283,1,1.0,prior_season_only,true,-0.06910765514972299,-0.06910765514972299,0.0,0.0
2026,0,HOU,team_defense.epa_per_play,team_defense,lower_better,RANK_PERSISTENT,17,1027,-0.10845898166380327,0.004591155429042401,0.06774676986235148,"2023,2024,2025",16,-0.05364679398242355,-1.6687162697578348,-0.8596417147237331,0.8596417147237331,2,0.967741935483871,prior_season_only,true,-0.05364679398242355,-0.05364679398242355,0.0,0.0
2026,0,HOU,team_defense.explosive_pass_rate,team_defense,lower_better,NOT_RANK_PERSISTENT,17,1027,0.07605177993527508,0.07968322075124035,0.01121813986620499,"2023,2024,2025",14,0.07769178546506585,-0.3237114939977795,-0.17751920638587898,0.17751920638587898,13,0.6129032258064516,prior_season_only,false,0.07769178546506585,0.07769178546506585,0.0,0.0
2026,0,HOU,team_defense.explosive_rush_rate,team_defense,lower_better,RANK_PERSISTENT,17,1027,0.05420054200542006,0.09995627452646601,0.020596023639878284,"2023,2024,2025",16,0.07638513959138173,-2.2215808896457623,-1.1444507613326655,1.1444507613326655,2,0.967741935483871,prior_season_only,true,0.07638513959138173,0.07638513959138173,0.0,0.0
2026,0,HOU,team_defense.pass_epa_per_dropback,team_defense,lower_better,RANK_PERSISTENT,17,1027,-0.13043413274867205,0.03612076420012932,0.09487757506079898,"2023,2024,2025",16,-0.04968024331895018,-1.7554716890906041,-0.9043339004406143,0.9043339004406143,1,1.0,prior_season_only,true,-0.04968024331895018,-0.04968024331895018,0.0,0.0
2026,0,HOU,team_defense.pass_success_rate,team_defense,lower_better,RANK_PERSISTENT,17,1027,0.3883495145631068,0.45363962350332016,0.03204062541287013,"2023,2024,2025",16,0.42000532495836174,-2.0377289175506395,-1.0497391393442694,1.0497391393442694,2,0.967741935483871,prior_season_only,true,0.42000532495836174,0.42000532495836174,0.0,0.0
2026,0,HOU,team_defense.rush_epa_per_play,team_defense,lower_better,NOT_RANK_PERSISTENT,17,1027,-0.129217013599605,-0.07599918977141418,0.064949391344954,"2023,2024,2025",14,-0.10518315767719624,-0.8193737112260926,-0.4493339706723734,0.4493339706723734,3,0.9354838709677419,prior_season_only,true,-0.10518315767719624,-0.10518315767719624,0.0,0.0
2026,0,HOU,team_defense.rush_success_rate,team_defense,lower_better,RANK_PERSISTENT,17,1027,0.37669376693766937,0.4019777133617364,0.032975036932461385,"2023,2024,2025",16,0.3889526500523685,-0.7667602154882474,-0.39499768676667335,0.39499768676667335,7,0.8064516129032258,prior_season_only,true,0.3889526500523685,0.3889526500523685,0.0,0.0
2026,0,HOU,team_defense.success_rate,team_defense,lower_better,RANK_PERSISTENT,17,1027,0.3953261927945472,0.43839550006288847,0.025454573794236213,"2023,2024,2025",16,0.4162082811670763,-1.6920066160405955,-0.8716397718997009,0.8716397718997009,2,0.967741935483871,prior_season_only,true,0.4162082811670763,0.4162082811670763,0.0,0.0
2026,0,HOU,team_offense.early_down_epa_per_play,team_offense,higher_better,UNVALIDATED_RANK_PERSISTENT,17,1138,-0.012478810182412096,-0.005377369437322377,0.078391754097071,"2023,2024,2025",8,-0.010206349143983386,-0.09058912926347,-0.0616006078991596,-0.0616006078991596,23,0.2903225806451613,prior_season_only,true,-0.010206349143983386,-0.010206349143983386,0.0,0.0
2026,0,HOU,team_offense.epa_per_play,team_offense,higher_better,VALIDATED_PERSISTENCE,17,1138,-0.008386013033796165,-0.00013083193528753284,0.09208398177730366,"2023,2024,2025",8,-0.005744355082273403,-0.08964839420685566,-0.06096090806066185,-0.06096090806066185,22,0.3225806451612903,prior_season_only,true,-0.005744355082273403,-0.005744355082273403,0.0,0.0
2026,0,HOU,team_offense.explosive_pass_rate,team_offense,higher_better,RANK_PERSISTENT,17,1138,0.07465007776049767,0.0795744413888399,0.017733172299595607,"2023,2024,2025",16,0.0770376480045424,-0.2776921999711537,-0.14305355756089708,-0.14305355756089708,17,0.4838709677419355,prior_season_only,true,0.0770376480045424,0.0770376480045424,0.0,0.0
2026,0,HOU,team_offense.explosive_rush_rate,team_offense,higher_better,NOT_RANK_PERSISTENT,17,1138,0.0738255033557047,0.09901553176727344,0.01953435294400914,"2023,2024,2025",16,0.08603885046434409,-1.2895245869556229,-0.6643005447953209,-0.6643005447953209,29,0.0967741935483871,prior_season_only,false,0.08603885046434409,0.08603885046434409,0.0,0.0
2026,0,HOU,team_offense.pass_epa_per_dropback,team_offense,higher_better,UNVALIDATED_RANK_PERSISTENT,17,1138,0.06693907250054516,0.030780199231029884,0.1279708212728859,"2023,2024,2025",8,0.055368233054300275,0.28255560845710165,0.19213781375082914,0.19213781375082914,15,0.5483870967741935,prior_season_only,true,0.055368233054300275,0.055368233054300275,0.0,0.0
2026,0,HOU,team_offense.pass_success_rate,team_offense,higher_better,UNVALIDATED_RANK_PERSISTENT,17,1138,0.447900466562986,0.4520797072840564,0.04182371000768115,"2023,2024,2025",8,0.4492378235937285,-0.09992515537963655,-0.06794910565815343,-0.06794910565815343,20,0.3870967741935484,prior_season_only,true,0.4492378235937285,0.4492378235937285,0.0,0.0
2026,0,HOU,team_offense.proe,team_offense,neutral,VALIDATED_PERSISTENCE,17,1138,-0.04652970392905136,-0.047704012843975276,0.034857526884517355,"2023,2024,2025",4,-0.0467533818176083,0.03368881902650143,0.02727190111669166,0.0,,,prior_season_only,false,-0.0467533818176083,-0.0467533818176083,0.0,0.0
2026,0,HOU,team_offense.rush_epa_per_play,team_offense,higher_better,RANK_PERSISTENT,17,1138,-0.14920946935465082,-0.08060335268387975,0.07536384453942868,"2023,2024,2025",16,-0.11594589763548908,-0.9103319647510536,-0.4689588909323609,-0.4689588909323609,30,0.06451612903225806,prior_season_only,true,-0.11594589763548908,-0.11594589763548908,0.0,0.0
2026,0,HOU,team_offense.rush_success_rate,team_offense,higher_better,RANK_PERSISTENT,17,1138,0.35570469798657717,0.4003685439967535,0.03852021536879744,"2023,2024,2025",12,0.3741862894390639,-1.1594910771541376,-0.6797016659179431,-0.6797016659179431,30,0.06451612903225806,prior_season_only,true,0.3741862894390639,0.3741862894390639,0.0,0.0
2026,0,HOU,team_offense.success_rate,team_offense,higher_better,VALIDATED_PERSISTENCE,17,1138,0.4173989455184534,0.4369580638820209,0.03373700043770765,"2023,2024,2025",4,0.42112449187341866,-0.5797527376413222,-0.4693236447572605,-0.4693236447572605,28,0.12903225806451613,prior_season_only,true,0.42112449187341866,0.42112449187341866,0.0,0.0
2026,0,IND,pass_protection.qb_hit_rate_allowed,pass_protection,lower_better,UNVALIDATED_RANK_PERSISTENT,17,599,0.13689482470784642,0.14499729036016004,0.03272124457668314,"2023,2024,2025",8,0.13948761371658677,-0.24762094954320182,-0.1683822456893774,0.1683822456893774,16,0.5161290322580645,prior_season_only,true,0.13948761371658677,0.13948761371658677,0.0,0.0
2026,0,IND,pass_protection.rush_stuffed_rate_approx,pass_protection,lower_better,RANK_PERSISTENT,17,599,0.18377088305489261,0.20453393402173106,0.032349993802877404,"2023,2024,2025",16,0.1938378168569961,-0.6418255005969014,-0.3306373790953733,0.3306373790953733,11,0.6774193548387096,prior_season_only,false,0.1938378168569961,0.1938378168569961,0.0,0.0
2026,0,IND,pass_protection.sack_rate_allowed,pass_protection,lower_better,UNVALIDATED_RANK_PERSISTENT,17,599,0.048414023372287146,0.06640532746445256,0.01878109141151444,"2023,2024,2025",8,0.05417124068178008,-0.9579477410527474,-0.6514044639158683,0.6514044639158683,8,0.7741935483870968,prior_season_only,true,0.05417124068178008,0.05417124068178008,0.0,0.0
2026,0,IND,pass_rush.qb_hit_rate_generated,pass_rush,higher_better,RANK_PERSISTENT,17,691,0.1345875542691751,0.1441739694155678,0.023402668900553904,"2023,2024,2025",16,0.13923551312803217,-0.40962914046806836,-0.21102107236233764,-0.21102107236233764,24,0.25806451612903225,prior_season_only,true,0.13923551312803217,0.13923551312803217,0.0,0.0
2026,0,IND,pass_rush.sack_rate_generated,pass_rush,higher_better,NOT_RANK_PERSISTENT,17,691,0.056439942112879886,0.06604664154487218,0.012051753475340252,"2023,2024,2025",14,0.06077845153377963,-0.7971204731036926,-0.43713058202460575,-0.43713058202460575,25,0.22580645161290322,prior_season_only,true,0.06077845153377963,0.06077845153377963,0.0,0.0
2026,0,IND,special_teams.fg_pct,special_teams,higher_better,NOT_RANK_PERSISTENT,17,218,0.9444444444444444,0.8507127173905934,0.06913215135025523,"2023,2024,2025",16,0.898998758600153,1.3558340833191063,0.6984599823159029,0.6984599823159029,2,0.967741935483871,prior_season_only,false,0.898998758600153,0.898998758600153,0.0,0.0
2026,0,IND,special_teams.st_epa_per_play,special_teams,higher_better,RANK_PERSISTENT,17,218,0.18130536046006257,0.06223172610307078,0.09283786774459722,"2023,2024,2025",16,0.12357268925667261,1.2825976861572348,0.660732141353727,0.660732141353727,7,0.8064516129032258,prior_season_only,true,0.12357268925667261,0.12357268925667261,0.0,0.0
2026,0,IND,team_defense.early_down_epa_per_play,team_defense,lower_better,RANK_PERSISTENT,17,1144,0.0022513058289105343,-0.0013076969094549817,0.06388279864549935,"2023,2024,2025",16,0.0005257287436424051,0.05571144054153384,0.028699833006244704,-0.028699833006244704,17,0.4838709677419355,prior_season_only,true,0.0005257287436424051,0.0005257287436424051,0.0,0.0
2026,0,IND,team_defense.epa_per_play,team_defense,lower_better,RANK_PERSISTENT,17,1144,0.01329261634418186,0.004591155429042401,0.06774676986235148,"2023,2024,2025",16,0.009073726203508183,0.12844097117573527,0.06616656090871213,-0.06616656090871213,16,0.5161290322580645,prior_season_only,true,0.009073726203508183,0.009073726203508183,0.0,0.0
2026,0,IND,team_defense.explosive_pass_rate,team_defense,lower_better,NOT_RANK_PERSISTENT,17,1144,0.0824891461649783,0.07968322075124035,0.01121813986620499,"2023,2024,2025",14,0.08122195404264503,0.2501239463229451,0.1371647447577439,-0.1371647447577439,21,0.3548387096774194,prior_season_only,false,0.08122195404264503,0.08122195404264503,0.0,0.0
2026,0,IND,team_defense.explosive_rush_rate,team_defense,lower_better,RANK_PERSISTENT,17,1144,0.08958837772397095,0.09995627452646601,0.020596023639878284,"2023,2024,2025",16,0.09461523677972614,-0.5033931298476763,-0.25932373355789345,0.25932373355789345,12,0.6451612903225806,prior_season_only,true,0.09461523677972614,0.09461523677972614,0.0,0.0
2026,0,IND,team_defense.pass_epa_per_dropback,team_defense,lower_better,RANK_PERSISTENT,17,1144,0.056316783154321044,0.03612076420012932,0.09487757506079898,"2023,2024,2025",16,0.046524773964409905,0.21286398752550123,0.10965720569495516,-0.10965720569495516,19,0.41935483870967744,prior_season_only,true,0.046524773964409905,0.046524773964409905,0.0,0.0
2026,0,IND,team_defense.pass_success_rate,team_defense,lower_better,RANK_PERSISTENT,17,1144,0.4732272069464544,0.45363962350332016,0.03204062541287013,"2023,2024,2025",16,0.4637301967922075,0.6113358647258583,0.31493059697998754,-0.31493059697998754,20,0.3870967741935484,prior_season_only,true,0.4637301967922075,0.4637301967922075,0.0,0.0
2026,0,IND,team_defense.rush_epa_per_play,team_defense,lower_better,NOT_RANK_PERSISTENT,17,1144,-0.10114034603352504,-0.07599918977141418,0.064949391344954,"2023,2024,2025",14,-0.08978627546353948,-0.38708840439447945,-0.2122742862808435,0.2122742862808435,10,0.7096774193548387,prior_season_only,true,-0.08978627546353948,-0.08978627546353948,0.0,0.0
2026,0,IND,team_defense.rush_success_rate,team_defense,lower_better,RANK_PERSISTENT,17,1144,0.41646489104116224,0.4019777133617364,0.032975036932461385,"2023,2024,2025",16,0.4094408048935618,0.439337724142603,0.22632549425528045,-0.22632549425528045,19,0.41935483870967744,prior_season_only,true,0.4094408048935618,0.4094408048935618,0.0,0.0
2026,0,IND,team_defense.success_rate,team_defense,lower_better,RANK_PERSISTENT,17,1144,0.4571678321678322,0.43839550006288847,0.025454573794236213,"2023,2024,2025",16,0.4480660953896777,0.7374836544776256,0.3799158220036261,-0.3799158220036261,23,0.2903225806451613,prior_season_only,true,0.4480660953896777,0.4480660953896777,0.0,0.0
2026,0,IND,team_offense.early_down_epa_per_play,team_offense,higher_better,UNVALIDATED_RANK_PERSISTENT,17,1053,0.05458382253738714,-0.005377369437322377,0.078391754097071,"2023,2024,2025",8,0.0353962411054801,0.7648915713821218,0.5201262685398429,0.5201262685398429,9,0.7419354838709677,prior_season_only,true,0.0353962411054801,0.0353962411054801,0.0,0.0
2026,0,IND,team_offense.epa_per_play,team_offense,higher_better,VALIDATED_PERSISTENCE,17,1053,0.08330552827364972,-0.00013083193528753284,0.09208398177730366,"2023,2024,2025",8,0.056605893006789795,0.9060898388464579,0.6161410904155914,0.6161410904155914,7,0.8064516129032258,prior_season_only,true,0.056605893006789795,0.056605893006789795,0.0,0.0
2026,0,IND,team_offense.explosive_pass_rate,team_offense,higher_better,RANK_PERSISTENT,17,1053,0.07345575959933222,0.0795744413888399,0.017733172299595607,"2023,2024,2025",16,0.07642239319424503,-0.34504158004753693,-0.17774869275176178,-0.17774869275176178,19,0.41935483870967744,prior_season_only,true,0.07642239319424503,0.07642239319424503,0.0,0.0
2026,0,IND,team_offense.explosive_rush_rate,team_offense,higher_better,NOT_RANK_PERSISTENT,17,1053,0.09785202863961814,0.09901553176727344,0.01953435294400914,"2023,2024,2025",16,0.09841615136817829,-0.05956189749362168,-0.030683401739138548,-0.030683401739138548,14,0.5806451612903226,prior_season_only,false,0.09841615136817829,0.09841615136817829,0.0,0.0
2026,0,IND,team_offense.pass_epa_per_dropback,team_offense,higher_better,UNVALIDATED_RANK_PERSISTENT,17,1053,0.08271870538716655,0.030780199231029884,0.1279708212728859,"2023,2024,2025",8,0.06609838341720281,0.40586209918417754,0.27598622744524065,0.27598622744524065,12,0.6451612903225806,prior_season_only,true,0.06609838341720281,0.06609838341720281,0.0,0.0
2026,0,IND,team_offense.pass_success_rate,team_offense,higher_better,UNVALIDATED_RANK_PERSISTENT,17,1053,0.4741235392320534,0.4520797072840564,0.04182371000768115,"2023,2024,2025",8,0.46706951300869437,0.5270654359440748,0.358404496441971,0.358404496441971,10,0.7096774193548387,prior_season_only,true,0.46706951300869437,0.46706951300869437,0.0,0.0
2026,0,IND,team_offense.proe,team_offense,neutral,VALIDATED_PERSISTENCE,17,1053,-0.03897791977674336,-0.047704012843975276,0.034857526884517355,"2023,2024,2025",4,-0.04064003274193039,0.2503359775391232,0.20265293419833774,0.0,,,prior_season_only,false,-0.04064003274193039,-0.04064003274193039,0.0,0.0
2026,0,IND,team_offense.rush_epa_per_play,team_offense,higher_better,RANK_PERSISTENT,17,1053,0.051646235299970734,-0.08060335268387975,0.07536384453942868,"2023,2024,2025",16,-0.012474777055835565,1.7548147761312847,0.9039954907342981,0.9039954907342981,1,1.0,prior_season_only,true,-0.012474777055835565,-0.012474777055835565,0.0,0.0
2026,0,IND,team_offense.rush_success_rate,team_offense,higher_better,RANK_PERSISTENT,17,1053,0.4486873508353222,0.4003685439967535,0.03852021536879744,"2023,2024,2025",12,0.42869336179867307,1.2543753033558693,0.7353234536913716,0.7353234536913716,5,0.8709677419354839,prior_season_only,true,0.42869336179867307,0.42869336179867307,0.0,0.0
2026,0,IND,team_offense.success_rate,team_offense,higher_better,VALIDATED_PERSISTENCE,17,1053,0.466286799620133,0.4369580638820209,0.03373700043770765,"2023,2024,2025",4,0.46070037376525447,0.8693344208909428,0.7037469121498103,0.7037469121498103,7,0.8064516129032258,prior_season_only,true,0.46070037376525447,0.46070037376525447,0.0,0.0
2026,0,JAX,pass_protection.qb_hit_rate_allowed,pass_protection,lower_better,UNVALIDATED_RANK_PERSISTENT,17,644,0.12888198757763975,0.14499729036016004,0.03272124457668314,"2023,2024,2025",8,0.13403888446804624,-0.49250274526549986,-0.33490186678053996,0.33490186678053996,13,0.6129032258064516,prior_season_only,true,0.13403888446804624,0.13403888446804624,0.0,0.0
2026,0,JAX,pass_protection.rush_stuffed_rate_approx,pass_protection,lower_better,RANK_PERSISTENT,17,644,0.20776255707762556,0.20453393402173106,0.032349993802877404,"2023,2024,2025",16,0.20619716408082822,0.0998028956533316,0.05141361291232215,-0.05141361291232215,20,0.3870967741935484,prior_season_only,false,0.20619716408082822,0.20619716408082822,0.0,0.0
2026,0,JAX,pass_protection.sack_rate_allowed,pass_protection,lower_better,UNVALIDATED_RANK_PERSISTENT,17,644,0.06366459627329192,0.06640532746445256,0.01878109141151444,"2023,2024,2025",8,0.06454163025446333,-0.1459303472363876,-0.09923263612074341,0.09923263612074341,17,0.4838709677419355,prior_season_only,true,0.06454163025446333,0.06454163025446333,0.0,0.0
2026,0,JAX,pass_rush.qb_hit_rate_generated,pass_rush,higher_better,RANK_PERSISTENT,17,701,0.12981455064194009,0.1441739694155678,0.023402668900553904,"2023,2024,2025",16,0.13677669307763837,-0.6135803926742662,-0.31608686895340954,-0.31608686895340954,26,0.1935483870967742,prior_season_only,true,0.13677669307763837,0.13677669307763837,0.0,0.0
2026,0,JAX,pass_rush.sack_rate_generated,pass_rush,higher_better,NOT_RANK_PERSISTENT,17,701,0.0456490727532097,0.06604664154487218,0.012051753475340252,"2023,2024,2025",14,0.0548608780139605,-1.6924980114635644,-0.9281440708025995,-0.9281440708025995,29,0.0967741935483871,prior_season_only,true,0.0548608780139605,0.0548608780139605,0.0,0.0
2026,0,JAX,special_teams.fg_pct,special_teams,higher_better,NOT_RANK_PERSISTENT,17,223,0.8823529411764706,0.8507127173905934,0.06913215135025523,"2023,2024,2025",16,0.867012226613621,0.45767740722508776,0.23577320978262034,0.23577320978262034,12,0.6290322580645161,prior_season_only,false,0.867012226613621,0.867012226613621,0.0,0.0
2026,0,JAX,special_teams.st_epa_per_play,special_teams,higher_better,RANK_PERSISTENT,17,223,0.1962319788904572,0.06223172610307078,0.09283786774459722,"2023,2024,2025",16,0.13126215935717894,1.4433792593775365,0.7435590124066097,0.7435590124066097,4,0.9032258064516129,prior_season_only,true,0.13126215935717894,0.13126215935717894,0.0,0.0
2026,0,JAX,team_defense.early_down_epa_per_play,team_defense,lower_better,RANK_PERSISTENT,17,1079,-0.05892717683839855,-0.0013076969094549817,0.06388279864549935,"2023,2024,2025",16,-0.030990459297092578,-0.9019561000870921,-0.4646440515600172,0.4646440515600172,6,0.8387096774193549,prior_season_only,true,-0.030990459297092578,-0.030990459297092578,0.0,0.0
2026,0,JAX,team_defense.epa_per_play,team_defense,lower_better,RANK_PERSISTENT,17,1079,-0.07877244663047961,0.004591155429042401,0.06774676986235148,"2023,2024,2025",16,-0.038353730480408334,-1.2305177387630577,-0.6339030775446055,0.6339030775446055,5,0.8709677419354839,prior_season_only,true,-0.038353730480408334,-0.038353730480408334,0.0,0.0
2026,0,JAX,team_defense.explosive_pass_rate,team_defense,lower_better,NOT_RANK_PERSISTENT,17,1079,0.06562054208273894,0.07968322075124035,0.01121813986620499,"2023,2024,2025",14,0.07197142922335248,-1.253565995452212,-0.6874394168608906,0.6874394168608906,6,0.8387096774193549,prior_season_only,false,0.07197142922335248,0.07197142922335248,0.0,0.0
2026,0,JAX,team_defense.explosive_rush_rate,team_defense,lower_better,RANK_PERSISTENT,17,1079,0.07530120481927711,0.09995627452646601,0.020596023639878284,"2023,2024,2025",16,0.08725517801064142,-1.1970791128561065,-0.6166771187440551,0.6166771187440551,5,0.8709677419354839,prior_season_only,true,0.08725517801064142,0.08725517801064142,0.0,0.0
2026,0,JAX,team_defense.pass_epa_per_dropback,team_defense,lower_better,RANK_PERSISTENT,17,1079,-0.11276124527063759,0.03612076420012932,0.09487757506079898,"2023,2024,2025",16,-0.04057602855753848,-1.569201250931646,-0.8083764019950904,0.8083764019950904,3,0.9354838709677419,prior_season_only,true,-0.04057602855753848,-0.04057602855753848,0.0,0.0
2026,0,JAX,team_defense.pass_success_rate,team_defense,lower_better,RANK_PERSISTENT,17,1079,0.4322396576319544,0.45363962350332016,0.03204062541287013,"2023,2024,2025",16,0.4426153986604954,-0.6679010036667326,-0.34407021401013455,0.34407021401013455,10,0.7096774193548387,prior_season_only,true,0.4426153986604954,0.4426153986604954,0.0,0.0
2026,0,JAX,team_defense.rush_epa_per_play,team_defense,lower_better,NOT_RANK_PERSISTENT,17,1079,-0.10566939992576074,-0.07599918977141418,0.064949391344954,"2023,2024,2025",14,-0.09226995017863648,-0.456820449583038,-0.250514440093924,0.250514440093924,7,0.8064516129032258,prior_season_only,true,-0.09226995017863648,-0.09226995017863648,0.0,0.0
2026,0,JAX,team_defense.rush_success_rate,team_defense,lower_better,RANK_PERSISTENT,17,1079,0.3644578313253012,0.4019777133617364,0.032975036932461385,"2023,2024,2025",16,0.3826492892823607,-1.1378268389291706,-0.5861532200544206,0.5861532200544206,3,0.9354838709677419,prior_season_only,true,0.3826492892823607,0.3826492892823607,0.0,0.0
2026,0,JAX,team_defense.success_rate,team_defense,lower_better,RANK_PERSISTENT,17,1079,0.4235403151065802,0.43839550006288847,0.025454573794236213,"2023,2024,2025",16,0.4307428290247903,-0.5835959021113918,-0.30064031320889834,0.30064031320889834,9,0.7419354838709677,prior_season_only,true,0.4307428290247903,0.4307428290247903,0.0,0.0
2026,0,JAX,team_offense.early_down_epa_per_play,team_offense,higher_better,UNVALIDATED_RANK_PERSISTENT,17,1121,0.021894082812124026,-0.005377369437322377,0.078391754097071,"2023,2024,2025",8,0.013167218092301178,0.34788674604317044,0.2365629873093559,0.2365629873093559,16,0.5161290322580645,prior_season_only,true,0.013167218092301178,0.013167218092301178,0.0,0.0
2026,0,JAX,team_offense.epa_per_play,team_offense,higher_better,VALIDATED_PERSISTENCE,17,1121,0.03876564917190911,-0.00013083193528753284,0.09208398177730366,"2023,2024,2025",8,0.026318775217606186,0.42240225016837435,0.28723353011449454,0.28723353011449454,12,0.6451612903225806,prior_season_only,true,0.026318775217606186,0.026318775217606186,0.0,0.0
2026,0,JAX,team_offense.explosive_pass_rate,team_offense,higher_better,RANK_PERSISTENT,17,1121,0.08850931677018634,0.0795744413888399,0.017733172299595607,"2023,2024,2025",16,0.0841772559792305,0.503850931485631,0.25955957076532543,0.25955957076532543,8,0.7741935483870968,prior_season_only,true,0.0841772559792305,0.0841772559792305,0.0,0.0
2026,0,JAX,team_offense.explosive_rush_rate,team_offense,higher_better,NOT_RANK_PERSISTENT,17,1121,0.0776255707762557,0.09901553176727344,0.01953435294400914,"2023,2024,2025",16,0.08799646095371885,-1.0949920405517033,-0.5640868087690591,-0.5640868087690591,28,0.12903225806451613,prior_season_only,false,0.08799646095371885,0.08799646095371885,0.0,0.0
2026,0,JAX,team_offense.pass_epa_per_dropback,team_offense,higher_better,UNVALIDATED_RANK_PERSISTENT,17,1121,0.08706406884034622,0.030780199231029884,0.1279708212728859,"2023,2024,2025",8,0.069053230565365,0.4398179917068455,0.299076234360655,0.299076234360655,11,0.6774193548387096,prior_season_only,true,0.069053230565365,0.069053230565365,0.0,0.0
2026,0,JAX,team_offense.pass_success_rate,team_offense,higher_better,UNVALIDATED_RANK_PERSISTENT,17,1121,0.4720496894409938,0.4520797072840564,0.04182371000768115,"2023,2024,2025",8,0.4656592951507738,0.4774799307203931,0.324686352889867,0.324686352889867,11,0.6774193548387096,prior_season_only,true,0.4656592951507738,0.4656592951507738,0.0,0.0
2026,0,JAX,team_offense.proe,team_offense,neutral,VALIDATED_PERSISTENCE,17,1121,-0.014708094248991796,-0.047704012843975276,0.034857526884517355,"2023,2024,2025",4,-0.020993031124226746,0.9465937931941825,0.7662902135381477,0.0,,,prior_season_only,false,-0.020993031124226746,-0.020993031124226746,0.0,0.0
2026,0,JAX,team_offense.rush_epa_per_play,team_offense,higher_better,RANK_PERSISTENT,17,1121,-0.07296390204925435,-0.08060335268387975,0.07536384453942868,"2023,2024,2025",16,-0.07666787811452727,0.10136758124950233,0.052219663067925415,0.052219663067925415,19,0.41935483870967744,prior_season_only,true,-0.07666787811452727,-0.07666787811452727,0.0,0.0
2026,0,JAX,team_offense.rush_success_rate,team_offense,higher_better,RANK_PERSISTENT,17,1121,0.3926940639269406,0.4003685439967535,0.03852021536879744,"2023,2024,2025",12,0.39586971085238043,-0.19923253274511613,-0.11679148471265408,-0.11679148471265408,24,0.25806451612903225,prior_season_only,true,0.39586971085238043,0.39586971085238043,0.0,0.0
2026,0,JAX,team_offense.success_rate,team_offense,higher_better,VALIDATED_PERSISTENCE,17,1121,0.4451382694023194,0.4369580638820209,0.03373700043770765,"2023,2024,2025",4,0.4435801350175006,0.24246985251111708,0.19628511869947513,0.19628511869947513,15,0.5483870967741935,prior_season_only,true,0.4435801350175006,0.4435801350175006,0.0,0.0
2026,0,KC,pass_protection.qb_hit_rate_allowed,pass_protection,lower_better,UNVALIDATED_RANK_PERSISTENT,17,686,0.17784256559766765,0.14499729036016004,0.03272124457668314,"2023,2024,2025",8,0.1673320775216652,1.003790523937248,0.6825775562773284,-0.6825775562773284,25,0.22580645161290322,prior_season_only,true,0.1673320775216652,0.1673320775216652,0.0,0.0
2026,0,KC,pass_protection.rush_stuffed_rate_approx,pass_protection,lower_better,RANK_PERSISTENT,17,686,0.15151515151515152,0.20453393402173106,0.032349993802877404,"2023,2024,2025",16,0.17722122788197797,-1.6389116742848875,-0.844287832207366,0.844287832207366,2,0.967741935483871,prior_season_only,false,0.17722122788197797,0.17722122788197797,0.0,0.0
2026,0,KC,pass_protection.sack_rate_allowed,pass_protection,lower_better,UNVALIDATED_RANK_PERSISTENT,17,686,0.06851311953352769,0.06640532746445256,0.01878109141151444,"2023,2024,2025",8,0.06783862607142364,0.1122294771316044,0.0763160444494907,-0.0763160444494907,20,0.3870967741935484,prior_season_only,true,0.06783862607142364,0.06783862607142364,0.0,0.0
2026,0,KC,pass_rush.qb_hit_rate_generated,pass_rush,higher_better,RANK_PERSISTENT,17,582,0.16838487972508592,0.1441739694155678,0.023402668900553904,"2023,2024,2025",16,0.15664625654471348,1.0345362920955183,0.5329429383522362,0.5329429383522362,5,0.8709677419354839,prior_season_only,true,0.15664625654471348,0.15664625654471348,0.0,0.0
2026,0,KC,pass_rush.sack_rate_generated,pass_rush,higher_better,NOT_RANK_PERSISTENT,17,582,0.06013745704467354,0.06604664154487218,0.012051753475340252,"2023,2024,2025",14,0.06280612101250518,-0.4903174058687594,-0.2688837387022229,-0.2688837387022229,19,0.41935483870967744,prior_season_only,true,0.06280612101250518,0.06280612101250518,0.0,0.0
2026,0,KC,special_teams.fg_pct,special_teams,higher_better,NOT_RANK_PERSISTENT,17,208,0.868421052631579,0.8507127173905934,0.06913215135025523,"2023,2024,2025",16,0.8598351931207981,0.2561519480460983,0.13195706414496053,0.13195706414496053,15,0.5483870967741935,prior_season_only,false,0.8598351931207981,0.8598351931207981,0.0,0.0
2026,0,KC,special_teams.st_epa_per_play,special_teams,higher_better,RANK_PERSISTENT,17,208,0.09280031504830388,0.06223172610307078,0.09283786774459722,"2023,2024,2025",16,0.07797918101425147,0.3292685375899541,0.16962318603118848,0.16962318603118848,19,0.41935483870967744,prior_season_only,true,0.07797918101425147,0.07797918101425147,0.0,0.0
2026,0,KC,team_defense.early_down_epa_per_play,team_defense,lower_better,RANK_PERSISTENT,17,1024,-0.004034728833044613,-0.0013076969094549817,0.06388279864549935,"2023,2024,2025",16,-0.002712531536758731,-0.04268804719596854,-0.021990812191862576,0.021990812191862576,16,0.5161290322580645,prior_season_only,true,-0.002712531536758731,-0.002712531536758731,0.0,0.0
2026,0,KC,team_defense.epa_per_play,team_defense,lower_better,RANK_PERSISTENT,17,1024,-0.007561092478510473,0.004591155429042401,0.06774676986235148,"2023,2024,2025",16,-0.001669093493030292,-0.1793775250428017,-0.09240660380992814,0.09240660380992814,12,0.6451612903225806,prior_season_only,true,-0.001669093493030292,-0.001669093493030292,0.0,0.0
2026,0,KC,team_defense.explosive_pass_rate,team_defense,lower_better,NOT_RANK_PERSISTENT,17,1024,0.07731958762886598,0.07968322075124035,0.01121813986620499,"2023,2024,2025",14,0.07838703484542214,-0.2106974195869037,-0.11554374622507654,0.11554374622507654,15,0.5483870967741935,prior_season_only,false,0.07838703484542214,0.07838703484542214,0.0,0.0
2026,0,KC,team_defense.explosive_rush_rate,team_defense,lower_better,RANK_PERSISTENT,17,1024,0.07352941176470588,0.09995627452646601,0.020596023639878284,"2023,2024,2025",16,0.08634243613404413,-1.2831050897898608,-0.6609935311038675,0.6609935311038675,4,0.9032258064516129,prior_season_only,true,0.08634243613404413,0.08634243613404413,0.0,0.0
2026,0,KC,team_defense.pass_epa_per_dropback,team_defense,lower_better,RANK_PERSISTENT,17,1024,0.026939026682769304,0.03612076420012932,0.09487757506079898,"2023,2024,2025",16,0.031390778206337795,-0.09677458041561689,-0.04985357172925721,0.04985357172925721,15,0.5483870967741935,prior_season_only,true,0.031390778206337795,0.031390778206337795,0.0,0.0
2026,0,KC,team_defense.pass_success_rate,team_defense,lower_better,RANK_PERSISTENT,17,1024,0.46219931271477666,0.45363962350332016,0.03204062541287013,"2023,2024,2025",16,0.45804916036982807,0.267151127706085,0.13762330821222618,-0.13762330821222618,19,0.41935483870967744,prior_season_only,true,0.45804916036982807,0.45804916036982807,0.0,0.0
2026,0,KC,team_defense.rush_epa_per_play,team_defense,lower_better,NOT_RANK_PERSISTENT,17,1024,-0.10022360650708263,-0.07599918977141418,0.064949391344954,"2023,2024,2025",14,-0.08928354733613558,-0.37297372976152576,-0.20453398083696564,0.20453398083696564,11,0.6774193548387096,prior_season_only,true,-0.08928354733613558,-0.08928354733613558,0.0,0.0
2026,0,KC,team_defense.rush_success_rate,team_defense,lower_better,RANK_PERSISTENT,17,1024,0.3946078431372549,0.4019777133617364,0.032975036932461385,"2023,2024,2025",16,0.3981811135491247,-0.2234984676310224,-0.11513557423416244,0.11513557423416244,11,0.6774193548387096,prior_season_only,true,0.3981811135491247,0.3981811135491247,0.0,0.0
2026,0,KC,team_defense.success_rate,team_defense,lower_better,RANK_PERSISTENT,17,1024,0.4404296875,0.43839550006288847,0.025454573794236213,"2023,2024,2025",16,0.43944341480321863,0.07991441748563648,0.04116803325017577,-0.04116803325017577,14,0.5806451612903226,prior_season_only,true,0.43944341480321863,0.43944341480321863,0.0,0.0
2026,0,KC,team_offense.early_down_epa_per_play,team_offense,higher_better,UNVALIDATED_RANK_PERSISTENT,17,1094,0.02517444501425723,-0.005377369437322377,0.078391754097071,"2023,2024,2025",8,0.01539786438975176,0.3897325018872251,0.2650181012833131,0.2650181012833131,13,0.6129032258064516,prior_season_only,true,0.01539786438975176,0.01539786438975176,0.0,0.0
2026,0,KC,team_offense.epa_per_play,team_offense,higher_better,VALIDATED_PERSISTENCE,17,1094,0.04206383741708115,-0.00013083193528753284,0.09208398177730366,"2023,2024,2025",8,0.028561543224323173,0.4582194268533312,0.31158921026026526,0.31158921026026526,11,0.6774193548387096,prior_season_only,true,0.028561543224323173,0.028561543224323173,0.0,0.0
2026,0,KC,team_offense.explosive_pass_rate,team_offense,higher_better,RANK_PERSISTENT,17,1094,0.07580174927113703,0.0795744413888399,0.017733172299595607,"2023,2024,2025",16,0.07763093332820509,-0.21274772804124298,-0.1095973144454889,-0.1095973144454889,16,0.5161290322580645,prior_season_only,true,0.07763093332820509,0.07763093332820509,0.0,0.0
2026,0,KC,team_offense.explosive_rush_rate,team_offense,higher_better,NOT_RANK_PERSISTENT,17,1094,0.07162534435261708,0.09901553176727344,0.01953435294400914,"2023,2024,2025",16,0.08490543522032926,-1.402154834263731,-0.7223221873479827,-0.7223221873479827,31,0.03225806451612903,prior_season_only,false,0.08490543522032926,0.08490543522032926,0.0,0.0
2026,0,KC,team_offense.pass_epa_per_dropback,team_offense,higher_better,UNVALIDATED_RANK_PERSISTENT,17,1094,0.07687849927654185,0.030780199231029884,0.1279708212728859,"2023,2024,2025",8,0.06212704326197802,0.36022508558581195,0.24495305819835214,0.24495305819835214,13,0.6129032258064516,prior_season_only,true,0.06212704326197802,0.06212704326197802,0.0,0.0
2026,0,KC,team_offense.pass_success_rate,team_offense,higher_better,UNVALIDATED_RANK_PERSISTENT,17,1094,0.4606413994169096,0.4520797072840564,0.04182371000768115,"2023,2024,2025",8,0.4579016579343966,0.20470905453583238,0.13920215708436576,0.13920215708436576,13,0.6129032258064516,prior_season_only,true,0.4579016579343966,0.4579016579343966,0.0,0.0
2026,0,KC,team_offense.proe,team_offense,neutral,VALIDATED_PERSISTENCE,17,1094,0.00495109871928827,-0.047704012843975276,0.034857526884517355,"2023,2024,2025",4,-0.005078446340380974,1.5105808205415552,1.222851140438402,0.0,,,prior_season_only,false,-0.005078446340380974,-0.005078446340380974,0.0,0.0
2026,0,KC,team_offense.rush_epa_per_play,team_offense,higher_better,RANK_PERSISTENT,17,1094,-0.059579971042832525,-0.08060335268387975,0.07536384453942868,"2023,2024,2025",16,-0.06977312577788572,0.27895845507255485,0.14370587079495253,0.14370587079495253,14,0.5806451612903226,prior_season_only,true,-0.06977312577788572,-0.06977312577788572,0.0,0.0
2026,0,KC,team_offense.rush_success_rate,team_offense,higher_better,RANK_PERSISTENT,17,1094,0.40771349862258954,0.4003685439967535,0.03852021536879744,"2023,2024,2025",12,0.40467420705327806,0.19067792211218276,0.11177671296231374,0.11177671296231374,18,0.45161290322580644,prior_season_only,true,0.40467420705327806,0.40467420705327806,0.0,0.0
2026,0,KC,team_offense.success_rate,team_offense,higher_better,VALIDATED_PERSISTENCE,17,1094,0.44515539305301643,0.4369580638820209,0.03373700043770765,"2023,2024,2025",4,0.4435939970204459,0.24297741543831558,0.1966960029738753,0.1966960029738753,14,0.5806451612903226,prior_season_only,true,0.4435939970204459,0.4435939970204459,0.0,0.0
2026,0,LA,pass_protection.qb_hit_rate_allowed,pass_protection,lower_better,UNVALIDATED_RANK_PERSISTENT,17,624,0.1233974358974359,0.14499729036016004,0.03272124457668314,"2023,2024,2025",8,0.13030938932550762,-0.6601171423080893,-0.4488796567695009,0.4488796567695009,11,0.6774193548387096,prior_season_only,true,0.13030938932550762,0.13030938932550762,0.0,0.0
2026,0,LA,pass_protection.rush_stuffed_rate_approx,pass_protection,lower_better,RANK_PERSISTENT,17,624,0.15730337078651685,0.20453393402173106,0.032349993802877404,"2023,2024,2025",16,0.18020303780965102,-1.4599867784522802,-0.7521144010208713,0.7521144010208713,4,0.9032258064516129,prior_season_only,false,0.18020303780965102,0.18020303780965102,0.0,0.0
2026,0,LA,pass_protection.sack_rate_allowed,pass_protection,lower_better,UNVALIDATED_RANK_PERSISTENT,17,624,0.03685897435897436,0.06640532746445256,0.01878109141151444,"2023,2024,2025",8,0.04631380735272739,-1.573196810456059,-1.06977383111012,1.06977383111012,2,0.967741935483871,prior_season_only,true,0.04631380735272739,0.04631380735272739,0.0,0.0
2026,0,LA,pass_rush.qb_hit_rate_generated,pass_rush,higher_better,RANK_PERSISTENT,17,658,0.17477203647416414,0.1441739694155678,0.023402668900553904,"2023,2024,2025",16,0.15993661002151136,1.3074605801850296,0.6735402988831967,0.6735402988831967,4,0.9032258064516129,prior_season_only,true,0.15993661002151136,0.15993661002151136,0.0,0.0
2026,0,LA,pass_rush.sack_rate_generated,pass_rush,higher_better,NOT_RANK_PERSISTENT,17,658,0.07142857142857142,0.06604664154487218,0.012051753475340252,"2023,2024,2025",14,0.06899802244883628,0.44656820227127164,0.24489223995521336,0.24489223995521336,9,0.7419354838709677,prior_season_only,true,0.06899802244883628,0.06899802244883628,0.0,0.0
2026,0,LA,special_teams.fg_pct,special_teams,higher_better,NOT_RANK_PERSISTENT,17,220,0.7857142857142857,0.8507127173905934,0.06913215135025523,"2023,2024,2025",16,0.8172286768300713,-0.9402055397783846,-0.4843483083706826,-0.4843483083706826,28,0.12903225806451613,prior_season_only,false,0.8172286768300713,0.8172286768300713,0.0,0.0
2026,0,LA,special_teams.st_epa_per_play,special_teams,higher_better,RANK_PERSISTENT,17,220,-0.019815855445812613,0.06223172610307078,0.09283786774459722,"2023,2024,2025",16,0.01996479015364601,-0.8837727916651578,-0.4552768926759903,-0.4552768926759903,30,0.06451612903225806,prior_season_only,true,0.01996479015364601,0.01996479015364601,0.0,0.0
2026,0,LA,team_defense.early_down_epa_per_play,team_defense,lower_better,RANK_PERSISTENT,17,1109,-0.054401802463089545,-0.0013076969094549817,0.06388279864549935,"2023,2024,2025",16,-0.0286592058310243,-0.8311174006052274,-0.4281513881905717,0.4281513881905717,8,0.7741935483870968,prior_season_only,true,-0.0286592058310243,-0.0286592058310243,0.0,0.0
2026,0,LA,team_defense.epa_per_play,team_defense,lower_better,RANK_PERSISTENT,17,1109,-0.0686641666594609,0.004591155429042401,0.06774676986235148,"2023,2024,2025",16,-0.03314643473776233,-1.081310920614284,-0.5570389591043281,0.5570389591043281,7,0.8064516129032258,prior_season_only,true,-0.03314643473776233,-0.03314643473776233,0.0,0.0
2026,0,LA,team_defense.explosive_pass_rate,team_defense,lower_better,NOT_RANK_PERSISTENT,17,1109,0.08054711246200608,0.07968322075124035,0.01121813986620499,"2023,2024,2025",14,0.08015696781843445,0.07700846317384857,0.04223044754694906,-0.04223044754694906,20,0.3870967741935484,prior_season_only,false,0.08015696781843445,0.08015696781843445,0.0,0.0
2026,0,LA,team_defense.explosive_rush_rate,team_defense,lower_better,RANK_PERSISTENT,17,1109,0.07913669064748201,0.09995627452646601,0.020596023639878284,"2023,2024,2025",16,0.08923103434638334,-1.0108545340117427,-0.5207432447939281,0.5207432447939281,7,0.8064516129032258,prior_season_only,true,0.08923103434638334,0.08923103434638334,0.0,0.0
2026,0,LA,team_defense.pass_epa_per_dropback,team_defense,lower_better,RANK_PERSISTENT,17,1109,-0.05620778183180488,0.03612076420012932,0.09487757506079898,"2023,2024,2025",16,-0.011442426179957992,-0.973133493059542,-0.5013111933943095,0.5013111933943095,10,0.7096774193548387,prior_season_only,true,-0.011442426179957992,-0.011442426179957992,0.0,0.0
2026,0,LA,team_defense.pass_success_rate,team_defense,lower_better,RANK_PERSISTENT,17,1109,0.44072948328267475,0.45363962350332016,0.03204062541287013,"2023,2024,2025",16,0.44698894520783616,-0.4029303440331611,-0.20757017722920404,0.20757017722920404,12,0.6451612903225806,prior_season_only,true,0.44698894520783616,0.44698894520783616,0.0,0.0
2026,0,LA,team_defense.rush_epa_per_play,team_defense,lower_better,NOT_RANK_PERSISTENT,17,1109,-0.09760468975288887,-0.07599918977141418,0.064949391344954,"2023,2024,2025",14,-0.08784736718060998,-0.3326513079502977,-0.18242168500500203,0.18242168500500203,12,0.6451612903225806,prior_season_only,true,-0.08784736718060998,-0.08784736718060998,0.0,0.0
2026,0,LA,team_defense.rush_success_rate,team_defense,lower_better,RANK_PERSISTENT,17,1109,0.3764988009592326,0.4019777133617364,0.032975036932461385,"2023,2024,2025",16,0.38885221303317385,-0.7726727480150825,-0.39804353685625377,0.39804353685625377,6,0.8387096774193549,prior_season_only,true,0.38885221303317385,0.38885221303317385,0.0,0.0
2026,0,LA,team_defense.success_rate,team_defense,lower_better,RANK_PERSISTENT,17,1109,0.41839495040577096,0.43839550006288847,0.025454573794236213,"2023,2024,2025",16,0.4280921866031613,-0.7857350045926251,-0.40477257812347284,0.40477257812347284,7,0.8064516129032258,prior_season_only,true,0.4280921866031613,0.4280921866031613,0.0,0.0
2026,0,LA,team_offense.early_down_epa_per_play,team_offense,higher_better,UNVALIDATED_RANK_PERSISTENT,17,1105,0.1594487473431401,-0.005377369437322377,0.078391754097071,"2023,2024,2025",8,0.1067043899733921,2.102595083870192,1.4297646570317306,1.4297646570317306,1,1.0,prior_season_only,true,0.1067043899733921,0.1067043899733921,0.0,0.0
2026,0,LA,team_offense.epa_per_play,team_offense,higher_better,VALIDATED_PERSISTENCE,17,1105,0.14910547887457898,-0.00013083193528753284,0.09208398177730366,"2023,2024,2025",8,0.10134985941542171,1.620654406222141,1.1020449962310561,1.1020449962310561,2,0.967741935483871,prior_season_only,true,0.10134985941542171,0.10134985941542171,0.0,0.0
2026,0,LA,team_offense.explosive_pass_rate,team_offense,higher_better,RANK_PERSISTENT,17,1105,0.11538461538461539,0.0795744413888399,0.017733172299595607,"2023,2024,2025",16,0.09802210678060302,2.0193890518163022,1.0402913297235492,1.0402913297235492,1,1.0,prior_season_only,true,0.09802210678060302,0.09802210678060302,0.0,0.0
2026,0,LA,team_offense.explosive_rush_rate,team_offense,higher_better,NOT_RANK_PERSISTENT,17,1105,0.11910112359550562,0.09901553176727344,0.01953435294400914,"2023,2024,2025",16,0.10936265483030214,1.0282189477073052,0.5296885488189146,0.5296885488189146,3,0.9354838709677419,prior_season_only,false,0.10936265483030214,0.10936265483030214,0.0,0.0
2026,0,LA,team_offense.pass_epa_per_dropback,team_offense,higher_better,UNVALIDATED_RANK_PERSISTENT,17,1105,0.22313643752699108,0.030780199231029884,0.1279708212728859,"2023,2024,2025",8,0.1615824412722835,1.503125762440638,1.0221255184596338,1.0221255184596338,3,0.9354838709677419,prior_season_only,true,0.1615824412722835,0.1615824412722835,0.0,0.0
2026,0,LA,team_offense.pass_success_rate,team_offense,higher_better,UNVALIDATED_RANK_PERSISTENT,17,1105,0.5272435897435898,0.4520797072840564,0.04182371000768115,"2023,2024,2025",8,0.5031911473565391,1.7971596122326097,1.222068536318176,1.222068536318176,2,0.9516129032258065,prior_season_only,true,0.5031911473565391,0.5031911473565391,0.0,0.0
2026,0,LA,team_offense.proe,team_offense,neutral,VALIDATED_PERSISTENCE,17,1105,0.0028164702421264952,-0.047704012843975276,0.034857526884517355,"2023,2024,2025",4,-0.006806478917130987,1.4493421536609765,1.173276981535076,0.0,,,prior_season_only,false,-0.006806478917130987,-0.006806478917130987,0.0,0.0
2026,0,LA,team_offense.rush_epa_per_play,team_offense,higher_better,RANK_PERSISTENT,17,1105,0.02122922504015135,-0.08060335268387975,0.07536384453942868,"2023,2024,2025",16,-0.0281441459775607,1.3512126185488662,0.6960792277372947,0.6960792277372947,4,0.9032258064516129,prior_season_only,true,-0.0281441459775607,-0.0281441459775607,0.0,0.0
2026,0,LA,team_offense.rush_success_rate,team_offense,higher_better,RANK_PERSISTENT,17,1105,0.501123595505618,0.4003685439967535,0.03852021536879744,"2023,2024,2025",12,0.45943185005367404,2.615640918520908,1.533306745339842,1.533306745339842,1,1.0,prior_season_only,true,0.45943185005367404,0.45943185005367404,0.0,0.0
2026,0,LA,team_offense.success_rate,team_offense,higher_better,VALIDATED_PERSISTENCE,17,1105,0.5221719457013575,0.4369580638820209,0.03373700043770765,"2023,2024,2025",4,0.5059407301167219,2.5258286366233533,2.0447184201236657,2.0447184201236657,1,1.0,prior_season_only,true,0.5059407301167219,0.5059407301167219,0.0,0.0
2026,0,LAC,pass_protection.qb_hit_rate_allowed,pass_protection,lower_better,UNVALIDATED_RANK_PERSISTENT,17,681,0.2011747430249633,0.14499729036016004,0.03272124457668314,"2023,2024,2025",8,0.18319795817222626,1.7168495083721478,1.1674576656930604,-1.1674576656930604,30,0.06451612903225806,prior_season_only,true,0.18319795817222626,0.18319795817222626,0.0,0.0
2026,0,LAC,pass_protection.rush_stuffed_rate_approx,pass_protection,lower_better,RANK_PERSISTENT,17,681,0.25,0.20453393402173106,0.032349993802877404,"2023,2024,2025",16,0.22795584679841507,1.405442803337567,0.724015989598141,-0.724015989598141,30,0.06451612903225806,prior_season_only,false,0.22795584679841507,0.22795584679841507,0.0,0.0
2026,0,LAC,pass_protection.sack_rate_allowed,pass_protection,lower_better,UNVALIDATED_RANK_PERSISTENT,17,681,0.0881057268722467,0.06640532746445256,0.01878109141151444,"2023,2024,2025",8,0.08116159906175258,1.1554386767155562,0.7856983001665782,-0.7856983001665782,28,0.12903225806451613,prior_season_only,true,0.08116159906175258,0.08116159906175258,0.0,0.0
2026,0,LAC,pass_rush.qb_hit_rate_generated,pass_rush,higher_better,RANK_PERSISTENT,17,586,0.15017064846416384,0.1441739694155678,0.023402668900553904,"2023,2024,2025",16,0.1472631677133294,0.2562391099099862,0.13200196571120534,0.13200196571120534,14,0.5806451612903226,prior_season_only,true,0.1472631677133294,0.1472631677133294,0.0,0.0
2026,0,LAC,pass_rush.sack_rate_generated,pass_rush,higher_better,NOT_RANK_PERSISTENT,17,586,0.07679180887372014,0.06604664154487218,0.012051753475340252,"2023,2024,2025",14,0.07193915266069204,0.8915853905271324,0.4889339238374602,0.4889339238374602,7,0.8064516129032258,prior_season_only,true,0.07193915266069204,0.07193915266069204,0.0,0.0
2026,0,LAC,special_teams.fg_pct,special_teams,higher_better,NOT_RANK_PERSISTENT,17,220,0.926829268292683,0.8507127173905934,0.06913215135025523,"2023,2024,2025",16,0.8899242739159122,1.1010296861217028,0.5671971110323917,0.5671971110323917,5,0.8709677419354839,prior_season_only,false,0.8899242739159122,0.8899242739159122,0.0,0.0
2026,0,LAC,special_teams.st_epa_per_play,special_teams,higher_better,RANK_PERSISTENT,17,220,0.08968806608332346,0.06223172610307078,0.09283786774459722,"2023,2024,2025",16,0.07637590124441307,0.29574505153206215,0.15235351139530473,0.15235351139530473,20,0.3870967741935484,prior_season_only,true,0.07637590124441307,0.07637590124441307,0.0,0.0
2026,0,LAC,team_defense.early_down_epa_per_play,team_defense,lower_better,RANK_PERSISTENT,17,1001,-0.07929713118492535,-0.0013076969094549817,0.06388279864549935,"2023,2024,2025",16,-0.041484072142273044,-1.2208205640496754,-0.6289075632983177,0.6289075632983177,3,0.9354838709677419,prior_season_only,true,-0.041484072142273044,-0.041484072142273044,0.0,0.0
2026,0,LAC,team_defense.epa_per_play,team_defense,lower_better,RANK_PERSISTENT,17,1001,-0.07724047989308302,0.004591155429042401,0.06774676986235148,"2023,2024,2025",16,-0.03756453549447676,-1.2079046054652007,-0.6222538876638913,0.6222538876638913,6,0.8387096774193549,prior_season_only,true,-0.03756453549447676,-0.03756453549447676,0.0,0.0
2026,0,LAC,team_defense.explosive_pass_rate,team_defense,lower_better,NOT_RANK_PERSISTENT,17,1001,0.06313993174061433,0.07968322075124035,0.01121813986620499,"2023,2024,2025",14,0.07061109451960673,-1.4746909209487762,-0.8087014727783605,0.8087014727783605,4,0.9032258064516129,prior_season_only,false,0.07061109451960673,0.07061109451960673,0.0,0.0
2026,0,LAC,team_defense.explosive_rush_rate,team_defense,lower_better,RANK_PERSISTENT,17,1001,0.10582010582010581,0.09995627452646601,0.020596023639878284,"2023,2024,2025",16,0.10297703610197742,0.2847069607303315,0.1466672221944131,-0.1466672221944131,22,0.3225806451612903,prior_season_only,true,0.10297703610197742,0.10297703610197742,0.0,0.0
2026,0,LAC,team_defense.pass_epa_per_dropback,team_defense,lower_better,RANK_PERSISTENT,17,1001,-0.06344336614261684,0.03612076420012932,0.09487757506079898,"2023,2024,2025",16,-0.015169848400679309,-1.049395816439701,-0.5405978448325732,0.5405978448325732,9,0.7419354838709677,prior_season_only,true,-0.015169848400679309,-0.015169848400679309,0.0,0.0
2026,0,LAC,team_defense.pass_success_rate,team_defense,lower_better,RANK_PERSISTENT,17,1001,0.4249146757679181,0.45363962350332016,0.03204062541287013,"2023,2024,2025",16,0.4388419231547797,-0.8965164495154888,-0.46184180732616037,0.46184180732616037,8,0.7741935483870968,prior_season_only,true,0.4388419231547797,0.4388419231547797,0.0,0.0
2026,0,LAC,team_defense.rush_epa_per_play,team_defense,lower_better,NOT_RANK_PERSISTENT,17,1001,-0.12056007767888849,-0.07599918977141418,0.064949391344954,"2023,2024,2025",14,-0.10043580572067429,-0.686086304809326,-0.3762408768309207,0.3762408768309207,4,0.9032258064516129,prior_season_only,true,-0.10043580572067429,-0.10043580572067429,0.0,0.0
2026,0,LAC,team_defense.rush_success_rate,team_defense,lower_better,RANK_PERSISTENT,17,1001,0.3968253968253968,0.4019777133617364,0.032975036932461385,"2023,2024,2025",16,0.39932348969150083,-0.1562489997173442,-0.08049190894529874,0.08049190894529874,12,0.6451612903225806,prior_season_only,true,0.39932348969150083,0.39932348969150083,0.0,0.0
2026,0,LAC,team_defense.success_rate,team_defense,lower_better,RANK_PERSISTENT,17,1001,0.4155844155844156,0.43839550006288847,0.025454573794236213,"2023,2024,2025",16,0.426644335331554,-0.896148749645852,-0.4616523861811955,0.4616523861811955,5,0.8709677419354839,prior_season_only,true,0.426644335331554,0.426644335331554,0.0,0.0
2026,0,LAC,team_offense.early_down_epa_per_play,team_offense,higher_better,UNVALIDATED_RANK_PERSISTENT,17,1125,-0.04513871548581489,-0.005377369437322377,0.078391754097071,"2023,2024,2025",8,-0.032415084750297286,-0.5072133734787565,-0.34490509396555447,-0.34490509396555447,26,0.1935483870967742,prior_season_only,true,-0.032415084750297286,-0.032415084750297286,0.0,0.0
2026,0,LAC,team_offense.epa_per_play,team_offense,higher_better,VALIDATED_PERSISTENCE,17,1125,-0.016009019165588154,-0.00013083193528753284,0.09208398177730366,"2023,2024,2025",8,-0.010927999251891956,-0.17243158825060914,-0.11725348001041423,-0.11725348001041423,24,0.25806451612903225,prior_season_only,true,-0.010927999251891956,-0.010927999251891956,0.0,0.0
2026,0,LAC,team_offense.explosive_pass_rate,team_offense,higher_better,RANK_PERSISTENT,17,1125,0.06607929515418502,0.0795744413888399,0.017733172299595607,"2023,2024,2025",16,0.07262239635886618,-0.7610113975468803,-0.39203617449384726,-0.39203617449384726,26,0.1935483870967742,prior_season_only,true,0.07262239635886618,0.07262239635886618,0.0,0.0
2026,0,LAC,team_offense.explosive_rush_rate,team_offense,higher_better,NOT_RANK_PERSISTENT,17,1125,0.07766990291262135,0.09901553176727344,0.01953435294400914,"2023,2024,2025",16,0.08801929872093751,-1.0927225957181468,-0.5629177008245001,-0.5629177008245001,27,0.16129032258064516,prior_season_only,false,0.08801929872093751,0.08801929872093751,0.0,0.0
2026,0,LAC,team_offense.pass_epa_per_dropback,team_offense,higher_better,UNVALIDATED_RANK_PERSISTENT,17,1125,0.0011622508442917805,0.030780199231029884,0.1279708212728859,"2023,2024,2025",8,0.01063999432804797,-0.23144298123695387,-0.15738122724112863,-0.15738122724112863,23,0.2903225806451613,prior_season_only,true,0.01063999432804797,0.01063999432804797,0.0,0.0
2026,0,LAC,team_offense.pass_success_rate,team_offense,higher_better,UNVALIDATED_RANK_PERSISTENT,17,1125,0.4522760646108664,0.4520797072840564,0.04182371000768115,"2023,2024,2025",8,0.4522132302662872,0.004694880649610993,0.0031925188417352627,0.0031925188417352627,16,0.5161290322580645,prior_season_only,true,0.4522132302662872,0.4522132302662872,0.0,0.0
2026,0,LAC,team_offense.proe,team_offense,neutral,VALIDATED_PERSISTENCE,17,1125,-0.02155202630824513,-0.047704012843975276,0.034857526884517355,"2023,2024,2025",4,-0.026533357076955633,0.7502536431334162,0.6073481872984798,0.0,,,prior_season_only,false,-0.026533357076955633,-0.026533357076955633,0.0,0.0
2026,0,LAC,team_offense.rush_epa_per_play,team_offense,higher_better,RANK_PERSISTENT,17,1125,-0.08004086094480989,-0.08060335268387975,0.07536384453942868,"2023,2024,2025",16,-0.08031358421223769,0.007463681590388824,0.003844926879897351,0.003844926879897351,23,0.2903225806451613,prior_season_only,true,-0.08031358421223769,-0.08031358421223769,0.0,0.0
2026,0,LAC,team_offense.rush_success_rate,team_offense,higher_better,RANK_PERSISTENT,17,1125,0.3907766990291262,0.4003685439967535,0.03852021536879744,"2023,2024,2025",12,0.3947457383260754,-0.24900808253001,-0.1459702552762133,-0.1459702552762133,25,0.22580645161290322,prior_season_only,true,0.3947457383260754,0.3947457383260754,0.0,0.0
2026,0,LAC,team_offense.success_rate,team_offense,higher_better,VALIDATED_PERSISTENCE,17,1125,0.43555555555555553,0.4369580638820209,0.03373700043770765,"2023,2024,2025",4,0.4358226999986918,-0.04157181457358621,-0.0336533737024274,-0.0336533737024274,20,0.3870967741935484,prior_season_only,true,0.4358226999986918,0.4358226999986918,0.0,0.0
2026,0,LV,pass_protection.qb_hit_rate_allowed,pass_protection,lower_better,UNVALIDATED_RANK_PERSISTENT,17,598,0.18896321070234115,0.14499729036016004,0.03272124457668314,"2023,2024,2025",8,0.1748941161928432,1.3436506132627615,0.9136824170186779,-0.9136824170186779,27,0.16129032258064516,prior_season_only,true,0.1748941161928432,0.1748941161928432,0.0,0.0
2026,0,LV,pass_protection.rush_stuffed_rate_approx,pass_protection,lower_better,RANK_PERSISTENT,17,598,0.2885714285714286,0.20453393402173106,0.032349993802877404,"2023,2024,2025",16,0.24782597666854495,2.5977592163316805,1.3382395962920781,-1.3382395962920781,32,0.0,prior_season_only,false,0.24782597666854495,0.24782597666854495,0.0,0.0
2026,0,LV,pass_protection.sack_rate_allowed,pass_protection,lower_better,UNVALIDATED_RANK_PERSISTENT,17,598,0.10702341137123746,0.06640532746445256,0.01878109141151444,"2023,2024,2025",8,0.09402562452106629,2.1627115813877826,1.4706438753436921,-1.4706438753436921,32,0.0,prior_season_only,true,0.09402562452106629,0.09402562452106629,0.0,0.0
2026,0,LV,pass_rush.qb_hit_rate_generated,pass_rush,higher_better,RANK_PERSISTENT,17,590,0.13728813559322034,0.1441739694155678,0.023402668900553904,"2023,2024,2025",16,0.14062672168890394,-0.2942328437669975,-0.1515744952739081,-0.1515744952739081,22,0.3225806451612903,prior_season_only,true,0.14062672168890394,0.14062672168890394,0.0,0.0
2026,0,LV,pass_rush.sack_rate_generated,pass_rush,higher_better,NOT_RANK_PERSISTENT,17,590,0.06271186440677966,0.06604664154487218,0.012051753475340252,"2023,2024,2025",14,0.06421789279172467,-0.2767047255750783,-0.15174130112181683,-0.15174130112181683,18,0.45161290322580644,prior_season_only,true,0.06421789279172467,0.06421789279172467,0.0,0.0
2026,0,LV,special_teams.fg_pct,special_teams,higher_better,NOT_RANK_PERSISTENT,17,217,0.8148148148148148,0.8507127173905934,0.06913215135025523,"2023,2024,2025",16,0.8322198584879196,-0.5192649422105117,-0.26750012174480886,-0.26750012174480886,25,0.22580645161290322,prior_season_only,false,0.8322198584879196,0.8322198584879196,0.0,0.0
2026,0,LV,special_teams.st_epa_per_play,special_teams,higher_better,RANK_PERSISTENT,17,217,0.036555277674538825,0.06223172610307078,0.09283786774459722,"2023,2024,2025",16,0.0490044647914028,-0.2765730089705364,-0.14247700462118543,-0.14247700462118543,24,0.25806451612903225,prior_season_only,true,0.0490044647914028,0.0490044647914028,0.0,0.0
2026,0,LV,team_defense.early_down_epa_per_play,team_defense,lower_better,RANK_PERSISTENT,17,1096,-0.02591205896345642,-0.0013076969094549817,0.06388279864549935,"2023,2024,2025",16,-0.01398267130091027,-0.3851484683777995,-0.19840981704310884,0.19840981704310884,13,0.6129032258064516,prior_season_only,true,-0.01398267130091027,-0.01398267130091027,0.0,0.0
2026,0,LV,team_defense.epa_per_play,team_defense,lower_better,RANK_PERSISTENT,17,1096,0.030404557061552245,0.004591155429042401,0.06774676986235148,"2023,2024,2025",16,0.01788896839124444,0.38102778457124603,0.19628704053670248,-0.19628704053670248,20,0.3870967741935484,prior_season_only,true,0.01788896839124444,0.01788896839124444,0.0,0.0
2026,0,LV,team_defense.explosive_pass_rate,team_defense,lower_better,NOT_RANK_PERSISTENT,17,1096,0.06271186440677966,0.07968322075124035,0.01121813986620499,"2023,2024,2025",14,0.07037634791718125,-1.5128494159345838,-0.8296270990609013,0.8296270990609013,3,0.9354838709677419,prior_season_only,false,0.07037634791718125,0.07037634791718125,0.0,0.0
2026,0,LV,team_defense.explosive_rush_rate,team_defense,lower_better,RANK_PERSISTENT,17,1096,0.09766454352441614,0.09995627452646601,0.020596023639878284,"2023,2024,2025",16,0.09877568582844032,-0.11127055601220939,-0.05732119552144124,0.05732119552144124,19,0.41935483870967744,prior_season_only,true,0.09877568582844032,0.09877568582844032,0.0,0.0
2026,0,LV,team_defense.pass_epa_per_dropback,team_defense,lower_better,RANK_PERSISTENT,17,1096,0.10565004725979969,0.03612076420012932,0.09487757506079898,"2023,2024,2025",16,0.0719388797157171,0.7328315781164829,0.3775192978175821,-0.3775192978175821,23,0.2903225806451613,prior_season_only,true,0.0719388797157171,0.0719388797157171,0.0,0.0
2026,0,LV,team_defense.pass_success_rate,team_defense,lower_better,RANK_PERSISTENT,17,1096,0.48135593220338985,0.45363962350332016,0.03204062541287013,"2023,2024,2025",16,0.46791772192456815,0.8650364449171007,0.44562483526032387,-0.44562483526032387,22,0.3225806451612903,prior_season_only,true,0.46791772192456815,0.46791772192456815,0.0,0.0
2026,0,LV,team_defense.rush_epa_per_play,team_defense,lower_better,NOT_RANK_PERSISTENT,17,1096,-0.09019728154248448,-0.07599918977141418,0.064949391344954,"2023,2024,2025",14,-0.08378524009748499,-0.21860238374925692,-0.11987872657217317,0.11987872657217317,13,0.6129032258064516,prior_season_only,true,-0.08378524009748499,-0.08378524009748499,0.0,0.0
2026,0,LV,team_defense.rush_success_rate,team_defense,lower_better,RANK_PERSISTENT,17,1096,0.40764331210191085,0.4019777133617364,0.032975036932461385,"2023,2024,2025",16,0.40489635513697775,0.17181478073181855,0.08851064461942096,-0.08851064461942096,15,0.5483870967741935,prior_season_only,true,0.40489635513697775,0.40489635513697775,0.0,0.0
2026,0,LV,team_defense.success_rate,team_defense,lower_better,RANK_PERSISTENT,17,1096,0.4489051094890511,0.43839550006288847,0.025454573794236213,"2023,2024,2025",16,0.4438095412824268,0.4128770534960743,0.21269423967979526,-0.21269423967979526,17,0.4838709677419355,prior_season_only,true,0.4438095412824268,0.4438095412824268,0.0,0.0
2026,0,LV,team_offense.early_down_epa_per_play,team_offense,higher_better,UNVALIDATED_RANK_PERSISTENT,17,982,-0.16348763290662272,-0.005377369437322377,0.078391754097071,"2023,2024,2025",8,-0.11289234859644663,-2.016924679010441,-1.3715087817271001,-1.3715087817271001,31,0.03225806451612903,prior_season_only,true,-0.11289234859644663,-0.11289234859644663,0.0,0.0
2026,0,LV,team_offense.epa_per_play,team_offense,higher_better,VALIDATED_PERSISTENCE,17,982,-0.1920417273803437,-0.00013083193528753284,0.09208398177730366,"2023,2024,2025",8,-0.13063024083792574,-2.0840855460526715,-1.4171781713158167,-1.4171781713158167,32,0.0,prior_season_only,true,-0.13063024083792574,-0.13063024083792574,0.0,0.0
2026,0,LV,team_offense.explosive_pass_rate,team_offense,higher_better,RANK_PERSISTENT,17,982,0.061872909698996656,0.0795744413888399,0.017733172299595607,"2023,2024,2025",16,0.07045547051831459,-0.9982157388865451,-0.514232350335493,-0.514232350335493,29,0.0967741935483871,prior_season_only,true,0.07045547051831459,0.07045547051831459,0.0,0.0
2026,0,LV,team_offense.explosive_rush_rate,team_offense,higher_better,NOT_RANK_PERSISTENT,17,982,0.08,0.09901553176727344,0.01953435294400914,"2023,2024,2025",16,0.08921965176595076,-0.9734405752664148,-0.5014693872584562,-0.5014693872584562,24,0.25806451612903225,prior_season_only,false,0.08921965176595076,0.08921965176595076,0.0,0.0
2026,0,LV,team_offense.pass_epa_per_dropback,team_offense,higher_better,UNVALIDATED_RANK_PERSISTENT,17,982,-0.16580832874566523,0.030780199231029884,0.1279708212728859,"2023,2024,2025",8,-0.10289999979312282,-1.536198064693891,-1.044614683991846,-1.044614683991846,30,0.06451612903225806,prior_season_only,true,-0.10289999979312282,-0.10289999979312282,0.0,0.0
2026,0,LV,team_offense.pass_success_rate,team_offense,higher_better,UNVALIDATED_RANK_PERSISTENT,17,982,0.411371237458194,0.4520797072840564,0.04182371000768115,"2023,2024,2025",8,0.42439794780247,-0.9733347380800526,-0.6618676218944352,-0.6618676218944352,29,0.0967741935483871,prior_season_only,true,0.42439794780247,0.42439794780247,0.0,0.0
2026,0,LV,team_offense.proe,team_offense,neutral,VALIDATED_PERSISTENCE,17,982,-0.05130131589343616,-0.047704012843975276,0.034857526884517355,"2023,2024,2025",4,-0.05061611531258647,-0.10320018001789721,-0.08354300287163109,-0.0,,,prior_season_only,false,-0.05061611531258647,-0.05061611531258647,0.0,0.0
2026,0,LV,team_offense.rush_epa_per_play,team_offense,higher_better,RANK_PERSISTENT,17,982,-0.3041450345190189,-0.08060335268387975,0.07536384453942868,"2023,2024,2025",16,-0.19576118878076962,-2.966166113224056,-1.528024967418453,-1.528024967418453,32,0.0,prior_season_only,true,-0.19576118878076962,-0.19576118878076962,0.0,0.0
2026,0,LV,team_offense.rush_success_rate,team_offense,higher_better,RANK_PERSISTENT,17,982,0.31142857142857144,0.4003685439967535,0.03852021536879744,"2023,2024,2025",12,0.34823131869816404,-2.3089168042457557,-1.3535029542130286,-1.3535029542130286,32,0.0,prior_season_only,true,0.34823131869816404,0.34823131869816404,0.0,0.0
2026,0,LV,team_offense.success_rate,team_offense,higher_better,VALIDATED_PERSISTENCE,17,982,0.3859470468431772,0.4369580638820209,0.03373700043770765,"2023,2024,2025",4,0.39566343104105217,-1.5120199299588288,-1.2240161337761957,-1.2240161337761957,30,0.06451612903225806,prior_season_only,true,0.39566343104105217,0.39566343104105217,0.0,0.0
2026,0,MIA,pass_protection.qb_hit_rate_allowed,pass_protection,lower_better,UNVALIDATED_RANK_PERSISTENT,17,530,0.12264150943396226,0.14499729036016004,0.03272124457668314,"2023,2024,2025",8,0.12979535933034556,-0.683219150598211,-0.46458902240678346,0.46458902240678346,10,0.7096774193548387,prior_season_only,true,0.12979535933034556,0.12979535933034556,0.0,0.0
2026,0,MIA,pass_protection.rush_stuffed_rate_approx,pass_protection,lower_better,RANK_PERSISTENT,17,530,0.22946859903381642,0.20453393402173106,0.032349993802877404,"2023,2024,2025",16,0.2173790644825023,0.7707780460182814,0.3970674782518417,-0.3970674782518417,25,0.22580645161290322,prior_season_only,false,0.2173790644825023,0.2173790644825023,0.0,0.0
2026,0,MIA,pass_protection.sack_rate_allowed,pass_protection,lower_better,UNVALIDATED_RANK_PERSISTENT,17,530,0.07169811320754717,0.06640532746445256,0.01878109141151444,"2023,2024,2025",8,0.0700044217697569,0.2818145989028982,0.19163392725397083,-0.19163392725397083,21,0.3548387096774194,prior_season_only,true,0.0700044217697569,0.0700044217697569,0.0,0.0
2026,0,MIA,pass_rush.qb_hit_rate_generated,pass_rush,higher_better,RANK_PERSISTENT,17,591,0.12690355329949238,0.1441739694155678,0.023402668900553904,"2023,2024,2025",16,0.13527708838607438,-0.737967801427411,-0.3801652310383637,-0.3801652310383637,28,0.12903225806451613,prior_season_only,true,0.13527708838607438,0.13527708838607438,0.0,0.0
2026,0,MIA,pass_rush.sack_rate_generated,pass_rush,higher_better,NOT_RANK_PERSISTENT,17,591,0.06598984771573604,0.06604664154487218,0.012051753475340252,"2023,2024,2025",14,0.06601549654179753,-0.004712495094787918,-0.0025842715035928544,-0.0025842715035928544,16,0.5161290322580645,prior_season_only,true,0.06601549654179753,0.06601549654179753,0.0,0.0
2026,0,MIA,special_teams.fg_pct,special_teams,higher_better,NOT_RANK_PERSISTENT,17,214,0.9310344827586207,0.8507127173905934,0.06913215135025523,"2023,2024,2025",16,0.8920905965195771,1.1618583220574217,0.5985330749992775,0.5985330749992775,4,0.9032258064516129,prior_season_only,false,0.8920905965195771,0.8920905965195771,0.0,0.0
2026,0,MIA,special_teams.st_epa_per_play,special_teams,higher_better,RANK_PERSISTENT,17,214,0.2011798462911031,0.06223172610307078,0.09283786774459722,"2023,2024,2025",16,0.13381106074539045,1.4966750482711138,0.7710144188063311,0.7710144188063311,3,0.9354838709677419,prior_season_only,true,0.13381106074539045,0.13381106074539045,0.0,0.0
2026,0,MIA,team_defense.early_down_epa_per_play,team_defense,lower_better,RANK_PERSISTENT,17,1055,0.07904376935638037,-0.0013076969094549817,0.06388279864549935,"2023,2024,2025",16,0.040085482682035954,1.2577950241617388,0.6479550124469563,-0.6479550124469563,26,0.1935483870967742,prior_season_only,true,0.040085482682035954,0.040085482682035954,0.0,0.0
2026,0,MIA,team_defense.epa_per_play,team_defense,lower_better,RANK_PERSISTENT,17,1055,0.08662713095758426,0.004591155429042401,0.06774676986235148,"2023,2024,2025",16,0.04685211251950336,1.2109208408788097,0.6238077059072656,-0.6238077059072656,25,0.22580645161290322,prior_season_only,true,0.04685211251950336,0.04685211251950336,0.0,0.0
2026,0,MIA,team_defense.explosive_pass_rate,team_defense,lower_better,NOT_RANK_PERSISTENT,17,1055,0.08460236886632826,0.07968322075124035,0.01121813986620499,"2023,2024,2025",14,0.08238081810467565,0.4384994458757822,0.24046743806091278,-0.24046743806091278,23,0.2903225806451613,prior_season_only,false,0.08238081810467565,0.08238081810467565,0.0,0.0
2026,0,MIA,team_defense.explosive_rush_rate,team_defense,lower_better,RANK_PERSISTENT,17,1055,0.1186046511627907,0.09995627452646601,0.020596023639878284,"2023,2024,2025",16,0.10956301400578479,0.9054357754871416,0.4664366116145881,-0.4664366116145881,28,0.12903225806451613,prior_season_only,true,0.10956301400578479,0.10956301400578479,0.0,0.0
2026,0,MIA,team_defense.pass_epa_per_dropback,team_defense,lower_better,RANK_PERSISTENT,17,1055,0.17269153152807698,0.03612076420012932,0.09487757506079898,"2023,2024,2025",16,0.10647540191452659,1.439442009773448,0.7415307323075336,-0.7415307323075336,27,0.16129032258064516,prior_season_only,true,0.10647540191452659,0.10647540191452659,0.0,0.0
2026,0,MIA,team_defense.pass_success_rate,team_defense,lower_better,RANK_PERSISTENT,17,1055,0.5245346869712352,0.45363962350332016,0.03204062541287013,"2023,2024,2025",16,0.4901613228655794,2.212661661698956,1.139856007541886,-1.139856007541886,32,0.0,prior_season_only,true,0.4901613228655794,0.4901613228655794,0.0,0.0
2026,0,MIA,team_defense.rush_epa_per_play,team_defense,lower_better,NOT_RANK_PERSISTENT,17,1055,-0.045902696164910765,-0.07599918977141418,0.064949391344954,"2023,2024,2025",14,-0.059494661019460694,0.4633837667031755,0.2541136785146446,-0.2541136785146446,19,0.41935483870967744,prior_season_only,true,-0.059494661019460694,-0.059494661019460694,0.0,0.0
2026,0,MIA,team_defense.rush_success_rate,team_defense,lower_better,RANK_PERSISTENT,17,1055,0.4232558139534884,0.4019777133617364,0.032975036932461385,"2023,2024,2025",16,0.4129391591211238,0.6452790526158699,0.3324164816505998,-0.3324164816505998,21,0.3548387096774194,prior_season_only,true,0.4129391591211238,0.4129391591211238,0.0,0.0
2026,0,MIA,team_defense.success_rate,team_defense,lower_better,RANK_PERSISTENT,17,1055,0.4824644549763033,0.43839550006288847,0.025454573794236213,"2023,2024,2025",16,0.46109768895767794,1.731278444088251,0.8918707136212208,-0.8918707136212208,29,0.0967741935483871,prior_season_only,true,0.46109768895767794,0.46109768895767794,0.0,0.0
2026,0,MIA,team_offense.early_down_epa_per_play,team_offense,higher_better,UNVALIDATED_RANK_PERSISTENT,17,969,0.020256918872986328,-0.005377369437322377,0.078391754097071,"2023,2024,2025",8,0.012053946613687545,0.32700235637751207,0.22236160233670824,0.22236160233670824,17,0.4838709677419355,prior_season_only,true,0.012053946613687545,0.012053946613687545,0.0,0.0
2026,0,MIA,team_offense.epa_per_play,team_offense,higher_better,VALIDATED_PERSISTENCE,17,969,-0.021246311085364133,-0.00013083193528753284,0.09208398177730366,"2023,2024,2025",8,-0.014489357757339621,-0.22930675609947423,-0.15592859414764249,-0.15592859414764249,25,0.22580645161290322,prior_season_only,true,-0.014489357757339621,-0.014489357757339621,0.0,0.0
2026,0,MIA,team_offense.explosive_pass_rate,team_offense,higher_better,RANK_PERSISTENT,17,969,0.08113207547169811,0.0795744413888399,0.017733172299595607,"2023,2024,2025",16,0.08037685894667594,0.08783730606924342,0.045249521308397794,0.045249521308397794,14,0.5806451612903226,prior_season_only,true,0.08037685894667594,0.08037685894667594,0.0,0.0
2026,0,MIA,team_offense.explosive_rush_rate,team_offense,higher_better,NOT_RANK_PERSISTENT,17,969,0.13285024154589373,0.09901553176727344,0.01953435294400914,"2023,2024,2025",16,0.11644553377444147,1.7320619667106416,0.8922743464873005,0.8922743464873005,1,1.0,prior_season_only,false,0.11644553377444147,0.11644553377444147,0.0,0.0
2026,0,MIA,team_offense.pass_epa_per_dropback,team_offense,higher_better,UNVALIDATED_RANK_PERSISTENT,17,969,-0.006957531805221848,0.030780199231029884,0.1279708212728859,"2023,2024,2025",8,0.005118542126378703,-0.29489324723312926,-0.2005274081185279,-0.2005274081185279,24,0.25806451612903225,prior_season_only,true,0.005118542126378703,0.005118542126378703,0.0,0.0
2026,0,MIA,team_offense.pass_success_rate,team_offense,higher_better,UNVALIDATED_RANK_PERSISTENT,17,969,0.4339622641509434,0.4520797072840564,0.04182371000768115,"2023,2024,2025",8,0.43975984595353956,-0.43318593997963384,-0.294566439186151,-0.294566439186151,26,0.1935483870967742,prior_season_only,true,0.43975984595353956,0.43975984595353956,0.0,0.0
2026,0,MIA,team_offense.proe,team_offense,neutral,VALIDATED_PERSISTENCE,17,969,-0.0779269905520605,-0.047704012843975276,0.034857526884517355,"2023,2024,2025",4,-0.0721702328933776,-0.867043086797685,-0.701892022645745,-0.0,,,prior_season_only,false,-0.0721702328933776,-0.0721702328933776,0.0,0.0
2026,0,MIA,team_offense.rush_epa_per_play,team_offense,higher_better,RANK_PERSISTENT,17,969,-0.02839948459608102,-0.08060335268387975,0.07536384453942868,"2023,2024,2025",16,-0.05371045094168041,0.6926911492749925,0.3568408950810567,0.3568408950810567,9,0.7419354838709677,prior_season_only,true,-0.05371045094168041,-0.05371045094168041,0.0,0.0
2026,0,MIA,team_offense.rush_success_rate,team_offense,higher_better,RANK_PERSISTENT,17,969,0.4033816425120773,0.4003685439967535,0.03852021536879744,"2023,2024,2025",12,0.40213484312642606,0.07822122712648522,0.04585382279828409,0.04585382279828409,20,0.3870967741935484,prior_season_only,true,0.40213484312642606,0.40213484312642606,0.0,0.0
2026,0,MIA,team_offense.success_rate,team_offense,higher_better,VALIDATED_PERSISTENCE,17,969,0.42105263157894735,0.4369580638820209,0.03373700043770765,"2023,2024,2025",4,0.4240822377319137,-0.4714536590898625,-0.38165296212036526,-0.38165296212036526,27,0.16129032258064516,prior_season_only,true,0.4240822377319137,0.4240822377319137,0.0,0.0
2026,0,MIN,pass_protection.qb_hit_rate_allowed,pass_protection,lower_better,UNVALIDATED_RANK_PERSISTENT,17,571,0.2136602451838879,0.14499729036016004,0.03272124457668314,"2023,2024,2025",8,0.19168809964029498,2.0984212462583547,1.4269264474556809,-1.4269264474556809,32,0.0,prior_season_only,true,0.19168809964029498,0.19168809964029498,0.0,0.0
2026,0,MIN,pass_protection.rush_stuffed_rate_approx,pass_protection,lower_better,RANK_PERSISTENT,17,571,0.19576719576719576,0.20453393402173106,0.032349993802877404,"2023,2024,2025",16,0.20001773552697044,-0.27099659764866907,-0.13960430787961767,0.13960430787961767,18,0.45161290322580644,prior_season_only,false,0.20001773552697044,0.20001773552697044,0.0,0.0
2026,0,MIN,pass_protection.sack_rate_allowed,pass_protection,lower_better,UNVALIDATED_RANK_PERSISTENT,17,571,0.10507880910683012,0.06640532746445256,0.01878109141151444,"2023,2024,2025",8,0.09270329498126931,2.059171152250894,1.4002363835306082,-1.4002363835306082,31,0.03225806451612903,prior_season_only,true,0.09270329498126931,0.09270329498126931,0.0,0.0
2026,0,MIN,pass_rush.qb_hit_rate_generated,pass_rush,higher_better,RANK_PERSISTENT,17,525,0.18095238095238095,0.1441739694155678,0.023402668900553904,"2023,2024,2025",16,0.16312042384362305,1.571547744964365,0.8095852019513393,0.8095852019513393,3,0.9354838709677419,prior_season_only,true,0.16312042384362305,0.16312042384362305,0.0,0.0
2026,0,MIN,pass_rush.sack_rate_generated,pass_rush,higher_better,NOT_RANK_PERSISTENT,17,525,0.09333333333333334,0.06604664154487218,0.012051753475340252,"2023,2024,2025",14,0.08101031123531861,2.264126282062933,1.2416176385506403,1.2416176385506403,3,0.9354838709677419,prior_season_only,true,0.08101031123531861,0.08101031123531861,0.0,0.0
2026,0,MIN,special_teams.fg_pct,special_teams,higher_better,NOT_RANK_PERSISTENT,17,214,0.9428571428571428,0.8507127173905934,0.06913215135025523,"2023,2024,2025",16,0.8981810577824522,1.3328736870881315,0.6866318994090369,0.6866318994090369,3,0.9354838709677419,prior_season_only,false,0.8981810577824522,0.8981810577824522,0.0,0.0
2026,0,MIN,special_teams.st_epa_per_play,special_teams,higher_better,RANK_PERSISTENT,17,214,0.11997065463194204,0.06223172610307078,0.09283786774459722,"2023,2024,2025",16,0.09197602261794385,0.6219329453764993,0.32038969913334814,0.32038969913334814,14,0.5806451612903226,prior_season_only,true,0.09197602261794385,0.09197602261794385,0.0,0.0
2026,0,MIN,team_defense.early_down_epa_per_play,team_defense,lower_better,RANK_PERSISTENT,17,1060,-0.09044162252540323,-0.0013076969094549817,0.06388279864549935,"2023,2024,2025",16,-0.04722517374191317,-1.395272710429819,-0.7187768508274825,0.7187768508274825,2,0.967741935483871,prior_season_only,true,-0.04722517374191317,-0.04722517374191317,0.0,0.0
2026,0,MIN,team_defense.epa_per_play,team_defense,lower_better,RANK_PERSISTENT,17,1060,-0.08656255270773597,0.004591155429042401,0.06774676986235148,"2023,2024,2025",16,-0.042366815429297974,-1.345506336641368,-0.6931396279667653,0.6931396279667653,3,0.9354838709677419,prior_season_only,true,-0.042366815429297974,-0.042366815429297974,0.0,0.0
2026,0,MIN,team_defense.explosive_pass_rate,team_defense,lower_better,NOT_RANK_PERSISTENT,17,1060,0.06095238095238095,0.07968322075124035,0.01121813986620499,"2023,2024,2025",14,0.06941146989380133,-1.6696921256336494,-0.9156376172829688,0.9156376172829688,2,0.967741935483871,prior_season_only,false,0.06941146989380133,0.06941146989380133,0.0,0.0
2026,0,MIN,team_defense.explosive_rush_rate,team_defense,lower_better,RANK_PERSISTENT,17,1060,0.09055118110236221,0.09995627452646601,0.020596023639878284,"2023,2024,2025",16,0.09511122639889738,-0.4566460783184156,-0.23524191913372944,0.23524191913372944,14,0.5806451612903226,prior_season_only,true,0.09511122639889738,0.09511122639889738,0.0,0.0
2026,0,MIN,team_defense.pass_epa_per_dropback,team_defense,lower_better,RANK_PERSISTENT,17,1060,-0.12199389403028406,0.03612076420012932,0.09487757506079898,"2023,2024,2025",16,-0.045332241554932116,-1.6665124306675325,-0.8585064036772138,0.8585064036772138,2,0.967741935483871,prior_season_only,true,-0.045332241554932116,-0.045332241554932116,0.0,0.0
2026,0,MIN,team_defense.pass_success_rate,team_defense,lower_better,RANK_PERSISTENT,17,1060,0.3980952380952381,0.45363962350332016,0.03204062541287013,"2023,2024,2025",16,0.425025849202187,-1.7335612115040326,-0.8930466847141981,0.8930466847141981,3,0.9354838709677419,prior_season_only,true,0.425025849202187,0.425025849202187,0.0,0.0
2026,0,MIN,team_defense.rush_epa_per_play,team_defense,lower_better,NOT_RANK_PERSISTENT,17,1060,-0.0848502960173532,-0.07599918977141418,0.064949391344954,"2023,2024,2025",14,-0.0808530222288646,-0.1362769698476423,-0.07473253185193285,0.07473253185193285,14,0.5806451612903226,prior_season_only,true,-0.0808530222288646,-0.0808530222288646,0.0,0.0
2026,0,MIN,team_defense.rush_success_rate,team_defense,lower_better,RANK_PERSISTENT,17,1060,0.41732283464566927,0.4019777133617364,0.032975036932461385,"2023,2024,2025",16,0.40988277584133814,0.46535569665509013,0.2397286922162577,-0.2397286922162577,20,0.3870967741935484,prior_season_only,true,0.40988277584133814,0.40988277584133814,0.0,0.0
2026,0,MIN,team_defense.success_rate,team_defense,lower_better,RANK_PERSISTENT,17,1060,0.4160377358490566,0.43839550006288847,0.025454573794236213,"2023,2024,2025",16,0.4268778639527327,-0.8783397590767914,-0.45247805770622485,0.45247805770622485,6,0.8387096774193549,prior_season_only,true,0.4268778639527327,0.4268778639527327,0.0,0.0
2026,0,MIN,team_offense.early_down_epa_per_play,team_offense,higher_better,UNVALIDATED_RANK_PERSISTENT,17,982,-0.04988935053359084,-0.005377369437322377,0.078391754097071,"2023,2024,2025",8,-0.035645516582784934,-0.567814582145338,-0.3861139158588299,-0.3861139158588299,28,0.12903225806451613,prior_season_only,true,-0.035645516582784934,-0.035645516582784934,0.0,0.0
2026,0,MIN,team_offense.epa_per_play,team_offense,higher_better,VALIDATED_PERSISTENCE,17,982,-0.09427915630294917,-0.00013083193528753284,0.09208398177730366,"2023,2024,2025",8,-0.06415169250529745,-1.0224180422101032,-0.6952442687028703,-0.6952442687028703,28,0.12903225806451613,prior_season_only,true,-0.06415169250529745,-0.06415169250529745,0.0,0.0
2026,0,MIN,team_offense.explosive_pass_rate,team_offense,higher_better,RANK_PERSISTENT,17,982,0.06830122591943957,0.0795744413888399,0.017733172299595607,"2023,2024,2025",16,0.07376702735914882,-0.6357134120699547,-0.32748872742997676,-0.32748872742997676,25,0.22580645161290322,prior_season_only,true,0.07376702735914882,0.07376702735914882,0.0,0.0
2026,0,MIN,team_offense.explosive_rush_rate,team_offense,higher_better,NOT_RANK_PERSISTENT,17,982,0.11375661375661375,0.09901553176727344,0.01953435294400914,"2023,2024,2025",16,0.1066094224890548,0.7546235102638069,0.3887454446813547,0.3887454446813547,7,0.8064516129032258,prior_season_only,false,0.1066094224890548,0.1066094224890548,0.0,0.0
2026,0,MIN,team_offense.pass_epa_per_dropback,team_offense,higher_better,UNVALIDATED_RANK_PERSISTENT,17,982,-0.15602386954271752,0.030780199231029884,0.1279708212728859,"2023,2024,2025",8,-0.09624656753511836,-1.4597395477786694,-0.9926228924894954,-0.9926228924894954,29,0.0967741935483871,prior_season_only,true,-0.09624656753511836,-0.09624656753511836,0.0,0.0
2026,0,MIN,team_offense.pass_success_rate,team_offense,higher_better,UNVALIDATED_RANK_PERSISTENT,17,982,0.4185639229422067,0.4520797072840564,0.04182371000768115,"2023,2024,2025",8,0.4292889739315986,-0.801358471921653,-0.5449237609067238,-0.5449237609067238,28,0.12903225806451613,prior_season_only,true,0.4292889739315986,0.4292889739315986,0.0,0.0
2026,0,MIN,team_offense.proe,team_offense,neutral,VALIDATED_PERSISTENCE,17,982,-0.03823045911561702,-0.047704012843975276,0.034857526884517355,"2023,2024,2025",4,-0.04003494554006621,0.2717792848512761,0.22001180202246162,0.0,,,prior_season_only,false,-0.04003494554006621,-0.04003494554006621,0.0,0.0
2026,0,MIN,team_offense.rush_epa_per_play,team_offense,higher_better,RANK_PERSISTENT,17,982,-0.061620611482060675,-0.08060335268387975,0.07536384453942868,"2023,2024,2025",16,-0.07082436479203356,0.2518812743408774,0.12975702011499737,0.12975702011499737,15,0.5483870967741935,prior_season_only,true,-0.07082436479203356,-0.07082436479203356,0.0,0.0
2026,0,MIN,team_offense.rush_success_rate,team_offense,higher_better,RANK_PERSISTENT,17,982,0.4365079365079365,0.4003685439967535,0.03852021536879744,"2023,2024,2025",12,0.4215537051239987,0.9381928985905165,0.5499751474496131,0.5499751474496131,8,0.7741935483870968,prior_season_only,true,0.4215537051239987,0.4215537051239987,0.0,0.0
2026,0,MIN,team_offense.success_rate,team_offense,higher_better,VALIDATED_PERSISTENCE,17,982,0.43279022403258655,0.4369580638820209,0.03373700043770765,"2023,2024,2025",4,0.4335840982896217,-0.12353913493672639,-0.10000787113925391,-0.10000787113925391,22,0.3225806451612903,prior_season_only,true,0.4335840982896217,0.4335840982896217,0.0,0.0
2026,0,NE,pass_protection.qb_hit_rate_allowed,pass_protection,lower_better,UNVALIDATED_RANK_PERSISTENT,17,613,0.14518760195758565,0.14499729036016004,0.03272124457668314,"2023,2024,2025",8,0.14512670224640944,0.005816147884583273,0.00395498056151632,-0.00395498056151632,18,0.45161290322580644,prior_season_only,true,0.14512670224640944,0.14512670224640944,0.0,0.0
2026,0,NE,pass_protection.rush_stuffed_rate_approx,pass_protection,lower_better,RANK_PERSISTENT,17,613,0.22439024390243903,0.20453393402173106,0.032349993802877404,"2023,2024,2025",16,0.21476294214209576,0.6137964044661371,0.3161981477552825,-0.3161981477552825,24,0.25806451612903225,prior_season_only,false,0.21476294214209576,0.21476294214209576,0.0,0.0
2026,0,NE,pass_protection.sack_rate_allowed,pass_protection,lower_better,UNVALIDATED_RANK_PERSISTENT,17,613,0.07830342577487764,0.06640532746445256,0.01878109141151444,"2023,2024,2025",8,0.07449603431554162,0.6335147436176428,0.43079002565999747,-0.43079002565999747,24,0.25806451612903225,prior_season_only,true,0.07449603431554162,0.07449603431554162,0.0,0.0
2026,0,NE,pass_rush.qb_hit_rate_generated,pass_rush,higher_better,RANK_PERSISTENT,17,589,0.1460101867572156,0.1441739694155678,0.023402668900553904,"2023,2024,2025",16,0.14511989956126514,0.07846187755125493,0.040419755102161274,0.040419755102161274,16,0.5161290322580645,prior_season_only,true,0.14511989956126514,0.14511989956126514,0.0,0.0
2026,0,NE,pass_rush.sack_rate_generated,pass_rush,higher_better,NOT_RANK_PERSISTENT,17,589,0.059422750424448216,0.06604664154487218,0.012051753475340252,"2023,2024,2025",14,0.06241418512399452,-0.5496205289941805,-0.30140480622261523,-0.30140480622261523,20,0.3870967741935484,prior_season_only,true,0.06241418512399452,0.06241418512399452,0.0,0.0
2026,0,NE,special_teams.fg_pct,special_teams,higher_better,NOT_RANK_PERSISTENT,17,212,0.84375,0.8507127173905934,0.06913215135025523,"2023,2024,2025",16,0.8471258629772574,-0.1007160525833642,-0.05188402708839911,-0.05188402708839911,19,0.4032258064516129,prior_season_only,false,0.8471258629772574,0.8471258629772574,0.0,0.0
2026,0,NE,special_teams.st_epa_per_play,special_teams,higher_better,RANK_PERSISTENT,17,212,0.04975149632073419,0.06223172610307078,0.09283786774459722,"2023,2024,2025",16,0.05580251682126102,-0.1344303793864642,-0.06925201362333006,-0.06925201362333006,23,0.2903225806451613,prior_season_only,true,0.05580251682126102,0.05580251682126102,0.0,0.0
2026,0,NE,team_defense.early_down_epa_per_play,team_defense,lower_better,RANK_PERSISTENT,17,1008,0.003987255861073858,-0.0013076969094549817,0.06388279864549935,"2023,2024,2025",16,0.001420006032938663,0.08288542272406968,0.04269855110027832,-0.04269855110027832,18,0.45161290322580644,prior_season_only,true,0.001420006032938663,0.001420006032938663,0.0,0.0
2026,0,NE,team_defense.epa_per_play,team_defense,lower_better,RANK_PERSISTENT,17,1008,-0.04033601053918477,0.004591155429042401,0.06774676986235148,"2023,2024,2025",16,-0.01855314219095341,-0.6631632188443908,-0.3416295369804437,0.3416295369804437,11,0.6774193548387096,prior_season_only,true,-0.01855314219095341,-0.01855314219095341,0.0,0.0
2026,0,NE,team_defense.explosive_pass_rate,team_defense,lower_better,NOT_RANK_PERSISTENT,17,1008,0.07130730050933787,0.07968322075124035,0.01121813986620499,"2023,2024,2025",14,0.07508997416697125,-0.7466407391777322,-0.40944814729101436,0.40944814729101436,8,0.7741935483870968,prior_season_only,false,0.07508997416697125,0.07508997416697125,0.0,0.0
2026,0,NE,team_defense.explosive_rush_rate,team_defense,lower_better,RANK_PERSISTENT,17,1008,0.08854166666666667,0.09995627452646601,0.020596023639878284,"2023,2024,2025",16,0.09407602199262999,-0.5542141560615723,-0.28550426221353714,0.28550426221353714,10,0.7096774193548387,prior_season_only,true,0.09407602199262999,0.09407602199262999,0.0,0.0
2026,0,NE,team_defense.pass_epa_per_dropback,team_defense,lower_better,RANK_PERSISTENT,17,1008,-0.03814721675381519,0.03612076420012932,0.09487757506079898,"2023,2024,2025",16,-0.002138498715539061,-0.7827769723915527,-0.4032487433532241,0.4032487433532241,11,0.6774193548387096,prior_season_only,true,-0.002138498715539061,-0.002138498715539061,0.0,0.0
2026,0,NE,team_defense.pass_success_rate,team_defense,lower_better,RANK_PERSISTENT,17,1008,0.45161290322580644,0.45363962350332016,0.03204062541287013,"2023,2024,2025",16,0.45259555548157065,-0.06325470403270031,-0.03258575662290653,0.03258575662290653,14,0.5806451612903226,prior_season_only,true,0.45259555548157065,0.45259555548157065,0.0,0.0
2026,0,NE,team_defense.rush_epa_per_play,team_defense,lower_better,NOT_RANK_PERSISTENT,17,1008,-0.0770382271553815,-0.07599918977141418,0.064949391344954,"2023,2024,2025",14,-0.07656898446584787,-0.015997646205010155,-0.008772902757586158,0.008772902757586158,16,0.5161290322580645,prior_season_only,true,-0.07656898446584787,-0.07656898446584787,0.0,0.0
2026,0,NE,team_defense.rush_success_rate,team_defense,lower_better,RANK_PERSISTENT,17,1008,0.4296875,0.4019777133617364,0.032975036932461385,"2023,2024,2025",16,0.4162524519329631,0.8403261744639767,0.4328953019965949,-0.4328953019965949,22,0.3225806451612903,prior_season_only,true,0.4162524519329631,0.4162524519329631,0.0,0.0
2026,0,NE,team_defense.success_rate,team_defense,lower_better,RANK_PERSISTENT,17,1008,0.4494047619047619,0.43839550006288847,0.025454573794236213,"2023,2024,2025",16,0.4440669379814293,0.4325062336878069,0.22280624159674847,-0.22280624159674847,18,0.45161290322580644,prior_season_only,true,0.4440669379814293,0.4440669379814293,0.0,0.0
2026,0,NE,team_offense.early_down_epa_per_play,team_offense,higher_better,UNVALIDATED_RANK_PERSISTENT,17,1060,0.12086022000584028,-0.005377369437322377,0.078391754097071,"2023,2024,2025",8,0.08046419138402823,1.6103427062857285,1.0950330402742954,1.0950330402742954,2,0.967741935483871,prior_season_only,true,0.08046419138402823,0.08046419138402823,0.0,0.0
2026,0,NE,team_offense.epa_per_play,team_offense,higher_better,VALIDATED_PERSISTENCE,17,1060,0.15452775837885968,-0.00013083193528753284,0.09208398177730366,"2023,2024,2025",8,0.10503700947833258,1.679538474869324,1.1420861629111405,1.1420861629111405,1,1.0,prior_season_only,true,0.10503700947833258,0.10503700947833258,0.0,0.0
2026,0,NE,team_offense.explosive_pass_rate,team_offense,higher_better,RANK_PERSISTENT,17,1060,0.11256117455138662,0.0795744413888399,0.017733172299595607,"2023,2024,2025",16,0.09656760695742457,1.8601710176412687,0.9582699181788352,0.9582699181788352,2,0.967741935483871,prior_season_only,true,0.09656760695742457,0.09656760695742457,0.0,0.0
2026,0,NE,team_offense.explosive_rush_rate,team_offense,higher_better,NOT_RANK_PERSISTENT,17,1060,0.0975609756097561,0.09901553176727344,0.01953435294400914,"2023,2024,2025",16,0.09826621495885542,-0.07446144552043789,-0.03835892648022569,-0.03835892648022569,15,0.5483870967741935,prior_season_only,false,0.09826621495885542,0.09826621495885542,0.0,0.0
2026,0,NE,team_offense.pass_epa_per_dropback,team_offense,higher_better,UNVALIDATED_RANK_PERSISTENT,17,1060,0.3044834211406812,0.030780199231029884,0.1279708212728859,"2023,2024,2025",8,0.21689839012959283,2.138793978089776,1.454379905101048,1.454379905101048,1,1.0,prior_season_only,true,0.21689839012959283,0.21689839012959283,0.0,0.0
2026,0,NE,team_offense.pass_success_rate,team_offense,higher_better,UNVALIDATED_RANK_PERSISTENT,17,1060,0.5464926590538336,0.4520797072840564,0.04182371000768115,"2023,2024,2025",8,0.5162805144875049,2.2574026013578843,1.5350337689233615,1.5350337689233615,1,1.0,prior_season_only,true,0.5162805144875049,0.5162805144875049,0.0,0.0
2026,0,NE,team_offense.proe,team_offense,neutral,VALIDATED_PERSISTENCE,17,1060,-0.005472370100049478,-0.047704012843975276,0.034857526884517355,"2023,2024,2025",4,-0.013516492527463918,1.2115501734772756,0.9807787118625564,0.0,,,prior_season_only,false,-0.013516492527463918,-0.013516492527463918,0.0,0.0
2026,0,NE,team_offense.rush_epa_per_play,team_offense,higher_better,RANK_PERSISTENT,17,1060,-0.0890918188523281,-0.08060335268387975,0.07536384453942868,"2023,2024,2025",16,-0.08497619889186829,-0.11263313622498884,-0.05802313078256998,-0.05802313078256998,25,0.22580645161290322,prior_season_only,true,-0.08497619889186829,-0.08497619889186829,0.0,0.0
2026,0,NE,team_offense.rush_success_rate,team_offense,higher_better,RANK_PERSISTENT,17,1060,0.3804878048780488,0.4003685439967535,0.03852021536879744,"2023,2024,2025",12,0.3887143176168231,-0.5161118370799325,-0.3025483182882367,-0.3025483182882367,26,0.1935483870967742,prior_season_only,true,0.3887143176168231,0.3887143176168231,0.0,0.0
2026,0,NE,team_offense.success_rate,team_offense,higher_better,VALIDATED_PERSISTENCE,17,1060,0.4820754716981132,0.4369580638820209,0.03373700043770765,"2023,2024,2025",4,0.47348167973314326,1.3373271847151187,1.0825981971503345,1.0825981971503345,4,0.9032258064516129,prior_season_only,true,0.47348167973314326,0.47348167973314326,0.0,0.0
2026,0,NO,pass_protection.qb_hit_rate_allowed,pass_protection,lower_better,UNVALIDATED_RANK_PERSISTENT,17,670,0.12238805970149254,0.14499729036016004,0.03272124457668314,"2023,2024,2025",8,0.12962301351226613,-0.6909648746911856,-0.46985611479000655,0.46985611479000655,9,0.7419354838709677,prior_season_only,true,0.12962301351226613,0.12962301351226613,0.0,0.0
2026,0,NO,pass_protection.rush_stuffed_rate_approx,pass_protection,lower_better,RANK_PERSISTENT,17,670,0.19548872180451127,0.20453393402173106,0.032349993802877404,"2023,2024,2025",16,0.19987427924316328,-0.2796047588860823,-0.14403881518373957,0.14403881518373957,17,0.4838709677419355,prior_season_only,false,0.19987427924316328,0.19987427924316328,0.0,0.0
2026,0,NO,pass_protection.sack_rate_allowed,pass_protection,lower_better,UNVALIDATED_RANK_PERSISTENT,17,670,0.07313432835820896,0.06640532746445256,0.01878109141151444,"2023,2024,2025",8,0.07098104807220691,0.3582859348435384,0.24363443569360607,-0.24363443569360607,22,0.3225806451612903,prior_season_only,true,0.07098104807220691,0.07098104807220691,0.0,0.0
2026,0,NO,pass_rush.qb_hit_rate_generated,pass_rush,higher_better,RANK_PERSISTENT,17,565,0.13982300884955753,0.1441739694155678,0.023402668900553904,"2023,2024,2025",16,0.14193256548762312,-0.1859172808237813,-0.09577556890922036,-0.09577556890922036,20,0.3870967741935484,prior_season_only,true,0.14193256548762312,0.14193256548762312,0.0,0.0
2026,0,NO,pass_rush.sack_rate_generated,pass_rush,higher_better,NOT_RANK_PERSISTENT,17,565,0.07964601769911504,0.06604664154487218,0.012051753475340252,"2023,2024,2025",14,0.07350436395203762,1.1284147308579857,0.6188080782124437,0.6188080782124437,5,0.8709677419354839,prior_season_only,true,0.07350436395203762,0.07350436395203762,0.0,0.0
2026,0,NO,special_teams.fg_pct,special_teams,higher_better,NOT_RANK_PERSISTENT,17,218,0.7142857142857143,0.8507127173905934,0.06913215135025523,"2023,2024,2025",16,0.7804321400335344,-1.9734233701722552,-1.016612039179647,-1.016612039179647,32,0.0,prior_season_only,false,0.7804321400335344,0.7804321400335344,0.0,0.0
2026,0,NO,special_teams.st_epa_per_play,special_teams,higher_better,RANK_PERSISTENT,17,218,-0.11120121223245147,0.06223172610307078,0.09283786774459722,"2023,2024,2025",16,-0.027112514857652807,-1.8681271182643608,-0.9623685154695192,-0.9623685154695192,32,0.0,prior_season_only,true,-0.027112514857652807,-0.027112514857652807,0.0,0.0
2026,0,NO,team_defense.early_down_epa_per_play,team_defense,lower_better,RANK_PERSISTENT,17,1070,-0.047313104164612305,-0.0013076969094549817,0.06388279864549935,"2023,2024,2025",16,-0.025007452162111782,-0.7201532843050933,-0.37098805555110864,0.37098805555110864,9,0.7419354838709677,prior_season_only,true,-0.025007452162111782,-0.025007452162111782,0.0,0.0
2026,0,NO,team_defense.epa_per_play,team_defense,lower_better,RANK_PERSISTENT,17,1070,-0.05051353462760506,0.004591155429042401,0.06774676986235148,"2023,2024,2025",16,-0.023796109145594165,-0.8133921391176241,-0.419020192878776,0.419020192878776,10,0.7096774193548387,prior_season_only,true,-0.023796109145594165,-0.023796109145594165,0.0,0.0
2026,0,NO,team_defense.explosive_pass_rate,team_defense,lower_better,NOT_RANK_PERSISTENT,17,1070,0.07787610619469026,0.07968322075124035,0.01121813986620499,"2023,2024,2025",14,0.07869222244603546,-0.1610886098856793,-0.08833891509859818,0.08833891509859818,17,0.4838709677419355,prior_season_only,false,0.07869222244603546,0.07869222244603546,0.0,0.0
2026,0,NO,team_defense.explosive_rush_rate,team_defense,lower_better,RANK_PERSISTENT,17,1070,0.08385744234800839,0.09995627452646601,0.020596023639878284,"2023,2024,2025",16,0.0916629367375636,-0.7816475869296854,-0.40266693872135334,0.40266693872135334,9,0.7419354838709677,prior_season_only,true,0.0916629367375636,0.0916629367375636,0.0,0.0
2026,0,NO,team_defense.pass_epa_per_dropback,team_defense,lower_better,RANK_PERSISTENT,17,1070,-0.015480815217220436,0.03612076420012932,0.09487757506079898,"2023,2024,2025",16,0.009538132379070356,-0.5438754034795124,-0.28017823815611237,0.28017823815611237,12,0.6451612903225806,prior_season_only,true,0.009538132379070356,0.009538132379070356,0.0,0.0
2026,0,NO,team_defense.pass_success_rate,team_defense,lower_better,RANK_PERSISTENT,17,1070,0.4336283185840708,0.45363962350332016,0.03204062541287013,"2023,2024,2025",16,0.4433307694540099,-0.6245603717588851,-0.3217432218151828,0.3217432218151828,11,0.6774193548387096,prior_season_only,true,0.4433307694540099,0.4433307694540099,0.0,0.0
2026,0,NO,team_defense.rush_epa_per_play,team_defense,lower_better,NOT_RANK_PERSISTENT,17,1070,-0.13592054364169295,-0.07599918977141418,0.064949391344954,"2023,2024,2025",14,-0.10885928705511544,-0.922585302640163,-0.5059338756413797,0.5059338756413797,2,0.967741935483871,prior_season_only,true,-0.10885928705511544,-0.10885928705511544,0.0,0.0
2026,0,NO,team_defense.rush_success_rate,team_defense,lower_better,RANK_PERSISTENT,17,1070,0.389937106918239,0.4019777133617364,0.032975036932461385,"2023,2024,2025",16,0.3957749767090256,-0.3651430768116687,-0.1881040092666172,0.1881040092666172,9,0.7419354838709677,prior_season_only,true,0.3957749767090256,0.3957749767090256,0.0,0.0
2026,0,NO,team_defense.success_rate,team_defense,lower_better,RANK_PERSISTENT,17,1070,0.41869158878504675,0.43839550006288847,0.025454573794236213,"2023,2024,2025",16,0.4282450003136973,-0.7740813669527381,-0.39876918903625913,0.39876918903625913,8,0.7741935483870968,prior_season_only,true,0.4282450003136973,0.4282450003136973,0.0,0.0
2026,0,NO,team_offense.early_down_epa_per_play,team_offense,higher_better,UNVALIDATED_RANK_PERSISTENT,17,1108,-0.03984326538238764,-0.005377369437322377,0.078391754097071,"2023,2024,2025",8,-0.028814178679966752,-0.4396622622117475,-0.2989703383039883,-0.2989703383039883,24,0.25806451612903225,prior_season_only,true,-0.028814178679966752,-0.028814178679966752,0.0,0.0
2026,0,NO,team_offense.epa_per_play,team_offense,higher_better,VALIDATED_PERSISTENCE,17,1108,-0.07623293658566739,-0.00013083193528753284,0.09208398177730366,"2023,2024,2025",8,-0.05188026309754584,-0.8264423755526293,-0.5619808153757879,-0.5619808153757879,27,0.16129032258064516,prior_season_only,true,-0.05188026309754584,-0.05188026309754584,0.0,0.0
2026,0,NO,team_offense.explosive_pass_rate,team_offense,higher_better,RANK_PERSISTENT,17,1108,0.049253731343283584,0.0795744413888399,0.017733172299595607,"2023,2024,2025",16,0.06395468166840179,-1.709830002962739,-0.880821516677775,-0.880821516677775,31,0.03225806451612903,prior_season_only,true,0.06395468166840179,0.06395468166840179,0.0,0.0
2026,0,NO,team_offense.explosive_rush_rate,team_offense,higher_better,NOT_RANK_PERSISTENT,17,1108,0.06766917293233082,0.09901553176727344,0.01953435294400914,"2023,2024,2025",16,0.08286740751896968,-1.604678635877521,-0.826652630603571,-0.826652630603571,32,0.0,prior_season_only,false,0.08286740751896968,0.08286740751896968,0.0,0.0
2026,0,NO,team_offense.pass_epa_per_dropback,team_offense,higher_better,UNVALIDATED_RANK_PERSISTENT,17,1108,-0.04701133536714471,0.030780199231029884,0.1279708212728859,"2023,2024,2025",8,-0.02211804429572884,-0.607884936772355,-0.41336175700520145,-0.41336175700520145,27,0.16129032258064516,prior_season_only,true,-0.02211804429572884,-0.02211804429572884,0.0,0.0
2026,0,NO,team_offense.pass_success_rate,team_offense,higher_better,UNVALIDATED_RANK_PERSISTENT,17,1108,0.45223880597014926,0.4520797072840564,0.04182371000768115,"2023,2024,2025",8,0.45218789439059953,0.0038040309208258673,0.0025867410261613774,0.0025867410261613774,17,0.4838709677419355,prior_season_only,true,0.45218789439059953,0.45218789439059953,0.0,0.0
2026,0,NO,team_offense.proe,team_offense,neutral,VALIDATED_PERSISTENCE,17,1108,-0.0583251937517782,-0.047704012843975276,0.034857526884517355,"2023,2024,2025",4,-0.05630211167410145,-0.30470265268648555,-0.24666405217477394,-0.0,,,prior_season_only,false,-0.05630211167410145,-0.05630211167410145,0.0,0.0
2026,0,NO,team_offense.rush_epa_per_play,team_offense,higher_better,RANK_PERSISTENT,17,1108,-0.15541127964041132,-0.08060335268387975,0.07536384453942868,"2023,2024,2025",16,-0.11914076960088085,-0.992623550638977,-0.5113515260867456,-0.5113515260867456,31,0.03225806451612903,prior_season_only,true,-0.11914076960088085,-0.11914076960088085,0.0,0.0
2026,0,NO,team_offense.rush_success_rate,team_offense,higher_better,RANK_PERSISTENT,17,1108,0.3659147869674185,0.4003685439967535,0.03852021536879744,"2023,2024,2025",12,0.38017151401403987,-0.8944331359383716,-0.5243228727914596,-0.5243228727914596,29,0.0967741935483871,prior_season_only,true,0.38017151401403987,0.38017151401403987,0.0,0.0
2026,0,NO,team_offense.success_rate,team_offense,higher_better,VALIDATED_PERSISTENCE,17,1108,0.42418772563176893,0.4369580638820209,0.03373700043770765,"2023,2024,2025",4,0.42662017101276933,-0.3785261903716444,-0.30642596363418756,-0.30642596363418756,26,0.1935483870967742,prior_season_only,true,0.42662017101276933,0.42662017101276933,0.0,0.0
2026,0,NYG,pass_protection.qb_hit_rate_allowed,pass_protection,lower_better,UNVALIDATED_RANK_PERSISTENT,17,624,0.1794871794871795,0.14499729036016004,0.03272124457668314,"2023,2024,2025",8,0.16845041496653326,1.0540518728189399,0.7167552735168791,-0.7167552735168791,26,0.1935483870967742,prior_season_only,true,0.16845041496653326,0.16845041496653326,0.0,0.0
2026,0,NYG,pass_protection.rush_stuffed_rate_approx,pass_protection,lower_better,RANK_PERSISTENT,17,624,0.17456896551724138,0.20453393402173106,0.032349993802877404,"2023,2024,2025",16,0.18909743509517576,-0.9262743197751221,-0.47717161927809343,0.47717161927809343,9,0.7419354838709677,prior_season_only,false,0.18909743509517576,0.18909743509517576,0.0,0.0
2026,0,NYG,pass_protection.sack_rate_allowed,pass_protection,lower_better,UNVALIDATED_RANK_PERSISTENT,17,624,0.07692307692307693,0.06640532746445256,0.01878109141151444,"2023,2024,2025",8,0.07355739709631713,0.5600180111032351,0.3808122475502,-0.3808122475502,23,0.2903225806451613,prior_season_only,true,0.07355739709631713,0.07355739709631713,0.0,0.0
2026,0,NYG,pass_rush.qb_hit_rate_generated,pass_rush,higher_better,RANK_PERSISTENT,17,621,0.1497584541062802,0.1441739694155678,0.023402668900553904,"2023,2024,2025",16,0.14705082516532872,0.23862597528695664,0.12292853272358355,0.12292853272358355,15,0.5483870967741935,prior_season_only,true,0.14705082516532872,0.14705082516532872,0.0,0.0
2026,0,NYG,pass_rush.sack_rate_generated,pass_rush,higher_better,NOT_RANK_PERSISTENT,17,621,0.06280193236714976,0.06604664154487218,0.012051753475340252,"2023,2024,2025",14,0.0642672848990244,-0.26923129355090064,-0.14764296743113875,-0.14764296743113875,17,0.4838709677419355,prior_season_only,true,0.0642672848990244,0.0642672848990244,0.0,0.0
2026,0,NYG,special_teams.fg_pct,special_teams,higher_better,NOT_RANK_PERSISTENT,17,217,0.8846153846153846,0.8507127173905934,0.06913215135025523,"2023,2024,2025",16,0.8681777277791222,0.49040376384389806,0.2526322419801896,0.2526322419801896,11,0.6774193548387096,prior_season_only,false,0.8681777277791222,0.8681777277791222,0.0,0.0
2026,0,NYG,special_teams.st_epa_per_play,special_teams,higher_better,RANK_PERSISTENT,17,217,0.022140985558590103,0.06223172610307078,0.09283786774459722,"2023,2024,2025",16,0.04157892036803528,-0.4318360763602716,-0.22246100903407928,-0.22246100903407928,27,0.16129032258064516,prior_season_only,true,0.04157892036803528,0.04157892036803528,0.0,0.0
2026,0,NYG,team_defense.early_down_epa_per_play,team_defense,lower_better,RANK_PERSISTENT,17,1085,0.07567357913012158,-0.0013076969094549817,0.06388279864549935,"2023,2024,2025",16,0.03834932408062992,1.2050391916416145,0.6207777653911347,-0.6207777653911347,24,0.25806451612903225,prior_season_only,true,0.03834932408062992,0.03834932408062992,0.0,0.0
2026,0,NYG,team_defense.epa_per_play,team_defense,lower_better,RANK_PERSISTENT,17,1085,0.09603363136153009,0.004591155429042401,0.06774676986235148,"2023,2024,2025",16,0.05169788545486939,1.3497687951511397,0.6953354399263446,-0.6953354399263446,27,0.16129032258064516,prior_season_only,true,0.05169788545486939,0.05169788545486939,0.0,0.0
2026,0,NYG,team_defense.explosive_pass_rate,team_defense,lower_better,NOT_RANK_PERSISTENT,17,1085,0.07890499194847021,0.07968322075124035,0.01121813986620499,"2023,2024,2025",14,0.07925645011746317,-0.069372356919401,-0.038042905407414014,0.038042905407414014,19,0.41935483870967744,prior_season_only,false,0.07925645011746317,0.07925645011746317,0.0,0.0
2026,0,NYG,team_defense.explosive_rush_rate,team_defense,lower_better,RANK_PERSISTENT,17,1085,0.15550239234449761,0.09995627452646601,0.020596023639878284,"2023,2024,2025",16,0.12857094128120955,2.6969340679179696,1.3893296713516807,-1.3893296713516807,32,0.0,prior_season_only,true,0.12857094128120955,0.12857094128120955,0.0,0.0
2026,0,NYG,team_defense.pass_epa_per_dropback,team_defense,lower_better,RANK_PERSISTENT,17,1085,0.05564659245281657,0.03612076420012932,0.09487757506079898,"2023,2024,2025",16,0.04617952420908942,0.20580024563417437,0.10601830835699891,-0.10601830835699891,18,0.45161290322580644,prior_season_only,true,0.04617952420908942,0.04617952420908942,0.0,0.0
2026,0,NYG,team_defense.pass_success_rate,team_defense,lower_better,RANK_PERSISTENT,17,1085,0.4605475040257649,0.45363962350332016,0.03204062541287013,"2023,2024,2025",16,0.4571982286209432,0.21559755571031902,0.11106540748713488,-0.11106540748713488,17,0.4838709677419355,prior_season_only,true,0.4571982286209432,0.4571982286209432,0.0,0.0
2026,0,NYG,team_defense.rush_epa_per_play,team_defense,lower_better,NOT_RANK_PERSISTENT,17,1085,0.10873776562904199,-0.07599918977141418,0.064949391344954,"2023,2024,2025",14,0.025308172867545636,2.8443215798481627,1.5597892534651212,-1.5597892534651212,32,0.0,prior_season_only,true,0.025308172867545636,0.025308172867545636,0.0,0.0
2026,0,NYG,team_defense.rush_success_rate,team_defense,lower_better,RANK_PERSISTENT,17,1085,0.47368421052631576,0.4019777133617364,0.032975036932461385,"2023,2024,2025",16,0.4389174240222773,2.1745691236509233,1.1202325788504763,-1.1202325788504763,32,0.0,prior_season_only,true,0.4389174240222773,0.4389174240222773,0.0,0.0
2026,0,NYG,team_defense.success_rate,team_defense,lower_better,RANK_PERSISTENT,17,1085,0.47096774193548385,0.43839550006288847,0.025454573794236213,"2023,2024,2025",16,0.4551751398154376,1.2796223631908092,0.6591993992195081,-0.6591993992195081,25,0.22580645161290322,prior_season_only,true,0.4551751398154376,0.4551751398154376,0.0,0.0
2026,0,NYG,team_offense.early_down_epa_per_play,team_offense,higher_better,UNVALIDATED_RANK_PERSISTENT,17,1137,-0.008578072635433307,-0.005377369437322377,0.078391754097071,"2023,2024,2025",8,-0.00755384761203781,-0.04082959024169253,-0.027764121364350924,-0.027764121364350924,21,0.3548387096774194,prior_season_only,true,-0.00755384761203781,-0.00755384761203781,0.0,0.0
2026,0,NYG,team_offense.epa_per_play,team_offense,higher_better,VALIDATED_PERSISTENCE,17,1137,0.042541617198305626,-0.00013083193528753284,0.09208398177730366,"2023,2024,2025",8,0.028886433475555817,0.46340794902627486,0.3151174053378669,0.3151174053378669,10,0.7096774193548387,prior_season_only,true,0.028886433475555817,0.028886433475555817,0.0,0.0
2026,0,NYG,team_offense.explosive_pass_rate,team_offense,higher_better,RANK_PERSISTENT,17,1137,0.08333333333333333,0.0795744413888399,0.017733172299595607,"2023,2024,2025",16,0.08151084026933651,0.2119695157182422,0.10919641718818524,0.10919641718818524,11,0.6774193548387096,prior_season_only,true,0.08151084026933651,0.08151084026933651,0.0,0.0
2026,0,NYG,team_offense.explosive_rush_rate,team_offense,higher_better,NOT_RANK_PERSISTENT,17,1137,0.09267241379310345,0.09901553176727344,0.01953435294400914,"2023,2024,2025",16,0.09574786493209496,-0.32471605240015483,-0.16727796638795878,-0.16727796638795878,20,0.3870967741935484,prior_season_only,false,0.09574786493209496,0.09574786493209496,0.0,0.0
2026,0,NYG,team_offense.pass_epa_per_dropback,team_offense,higher_better,UNVALIDATED_RANK_PERSISTENT,17,1137,0.03892681356092165,0.030780199231029884,0.1279708212728859,"2023,2024,2025",8,0.036319896975356286,0.06365993629532052,0.043288756680817976,0.043288756680817976,17,0.4838709677419355,prior_season_only,true,0.036319896975356286,0.036319896975356286,0.0,0.0
2026,0,NYG,team_offense.pass_success_rate,team_offense,higher_better,UNVALIDATED_RANK_PERSISTENT,17,1137,0.42948717948717946,0.4520797072840564,0.04182371000768115,"2023,2024,2025",8,0.4367167883821801,-0.5401846893240148,-0.3673255887403298,-0.3673255887403298,27,0.16129032258064516,prior_season_only,true,0.4367167883821801,0.4367167883821801,0.0,0.0
2026,0,NYG,team_offense.proe,team_offense,neutral,VALIDATED_PERSISTENCE,17,1137,-0.08387469494405711,-0.047704012843975276,0.034857526884517355,"2023,2024,2025",4,-0.07698504121070819,-1.0376720706524862,-0.8400202476710604,-0.0,,,prior_season_only,false,-0.07698504121070819,-0.07698504121070819,0.0,0.0
2026,0,NYG,team_offense.rush_epa_per_play,team_offense,higher_better,RANK_PERSISTENT,17,1137,-0.03965821535445569,-0.08060335268387975,0.07536384453942868,"2023,2024,2025",16,-0.059510403150540084,0.5432994770854939,0.27988154880161803,0.27988154880161803,12,0.6451612903225806,prior_season_only,true,-0.059510403150540084,-0.059510403150540084,0.0,0.0
2026,0,NYG,team_offense.rush_success_rate,team_offense,higher_better,RANK_PERSISTENT,17,1137,0.4051724137931034,0.4003685439967535,0.03852021536879744,"2023,2024,2025",12,0.40318460560151037,0.12471035663630346,0.07310607113162687,0.07310607113162687,19,0.41935483870967744,prior_season_only,true,0.40318460560151037,0.40318460560151037,0.0,0.0
2026,0,NYG,team_offense.success_rate,team_offense,higher_better,VALIDATED_PERSISTENCE,17,1137,0.4291996481970097,0.4369580638820209,0.03373700043770765,"2023,2024,2025",4,0.43067744166082134,-0.22996756037444563,-0.18616421554121798,-0.18616421554121798,25,0.22580645161290322,prior_season_only,true,0.43067744166082134,0.43067744166082134,0.0,0.0
2026,0,NYJ,pass_protection.qb_hit_rate_allowed,pass_protection,lower_better,UNVALIDATED_RANK_PERSISTENT,17,608,0.19078947368421054,0.14499729036016004,0.03272124457668314,"2023,2024,2025",8,0.17613597502051437,1.3994633736114543,0.9516350940557886,-0.9516350940557886,29,0.0967741935483871,prior_season_only,true,0.17613597502051437,0.17613597502051437,0.0,0.0
2026,0,NYJ,pass_protection.rush_stuffed_rate_approx,pass_protection,lower_better,RANK_PERSISTENT,17,608,0.20947630922693267,0.20453393402173106,0.032349993802877404,"2023,2024,2025",16,0.20708000609713795,0.1527782427198487,0.07870394321931594,-0.07870394321931594,22,0.3225806451612903,prior_season_only,false,0.20708000609713795,0.20708000609713795,0.0,0.0
2026,0,NYJ,pass_protection.sack_rate_allowed,pass_protection,lower_better,UNVALIDATED_RANK_PERSISTENT,17,608,0.09868421052631579,0.06640532746445256,0.01878109141151444,"2023,2024,2025",8,0.08835496794651956,1.7186904826028093,1.1687095281699107,-1.1687095281699107,30,0.06451612903225806,prior_season_only,true,0.08835496794651956,0.08835496794651956,0.0,0.0
2026,0,NYJ,pass_rush.qb_hit_rate_generated,pass_rush,higher_better,RANK_PERSISTENT,17,577,0.10051993067590988,0.1441739694155678,0.023402668900553904,"2023,2024,2025",16,0.12168552521635008,-1.8653444581538599,-0.9609350238974429,-0.9609350238974429,30,0.06451612903225806,prior_season_only,true,0.12168552521635008,0.12168552521635008,0.0,0.0
2026,0,NYJ,pass_rush.sack_rate_generated,pass_rush,higher_better,NOT_RANK_PERSISTENT,17,577,0.045060658578856154,0.06604664154487218,0.012051753475340252,"2023,2024,2025",14,0.05453819927318597,-1.7413219585810966,-0.9549184934154402,-0.9549184934154402,30,0.06451612903225806,prior_season_only,true,0.05453819927318597,0.05453819927318597,0.0,0.0
2026,0,NYJ,special_teams.fg_pct,special_teams,higher_better,NOT_RANK_PERSISTENT,17,231,0.9655172413793104,0.8507127173905934,0.06913215135025523,"2023,2024,2025",16,0.9098544418696294,1.6606531367303259,0.8554879795277431,0.8554879795277431,1,1.0,prior_season_only,false,0.9098544418696294,0.9098544418696294,0.0,0.0
2026,0,NYJ,special_teams.st_epa_per_play,special_teams,higher_better,RANK_PERSISTENT,17,231,0.3228798348228822,0.06223172610307078,0.09283786774459722,"2023,2024,2025",16,0.19650499423145848,2.8075624209387344,1.4463200350290448,1.4463200350290448,1,1.0,prior_season_only,true,0.19650499423145848,0.19650499423145848,0.0,0.0
2026,0,NYJ,team_defense.early_down_epa_per_play,team_defense,lower_better,RANK_PERSISTENT,17,1098,0.1381726903717706,-0.0013076969094549817,0.06388279864549935,"2023,2024,2025",16,0.0705458359323885,2.1833794110247893,1.124771211740043,-1.124771211740043,31,0.03225806451612903,prior_season_only,true,0.0705458359323885,0.0705458359323885,0.0,0.0
2026,0,NYJ,team_defense.epa_per_play,team_defense,lower_better,RANK_PERSISTENT,17,1098,0.14710563256392495,0.004591155429042401,0.06774676986235148,"2023,2024,2025",16,0.07800770425610311,2.1036350135134825,1.0836907645372487,-1.0836907645372487,30,0.06451612903225806,prior_season_only,true,0.07800770425610311,0.07800770425610311,0.0,0.0
2026,0,NYJ,team_defense.explosive_pass_rate,team_defense,lower_better,NOT_RANK_PERSISTENT,17,1098,0.09878682842287695,0.07968322075124035,0.01121813986620499,"2023,2024,2025",14,0.09015939270020236,1.7029211526580124,0.9338599869414911,-0.9338599869414911,30,0.06451612903225806,prior_season_only,false,0.09015939270020236,0.09015939270020236,0.0,0.0
2026,0,NYJ,team_defense.explosive_rush_rate,team_defense,lower_better,RANK_PERSISTENT,17,1098,0.11134020618556702,0.09995627452646601,0.020596023639878284,"2023,2024,2025",16,0.1058207241690332,0.552724732606118,0.2847369834637578,-0.2847369834637578,23,0.2903225806451613,prior_season_only,true,0.1058207241690332,0.1058207241690332,0.0,0.0
2026,0,NYJ,team_defense.pass_epa_per_dropback,team_defense,lower_better,RANK_PERSISTENT,17,1098,0.2874799246778629,0.03612076420012932,0.09487757506079898,"2023,2024,2025",16,0.1656088165674466,2.6493000091608456,1.3647909138101324,-1.3647909138101324,32,0.0,prior_season_only,true,0.1656088165674466,0.1656088165674466,0.0,0.0
2026,0,NYJ,team_defense.pass_success_rate,team_defense,lower_better,RANK_PERSISTENT,17,1098,0.48700173310225303,0.45363962350332016,0.03204062541287013,"2023,2024,2025",16,0.47082616481186135,1.0412440197104247,0.5363984343962798,-0.5363984343962798,24,0.25806451612903225,prior_season_only,true,0.47082616481186135,0.47082616481186135,0.0,0.0
2026,0,NYJ,team_defense.rush_epa_per_play,team_defense,lower_better,NOT_RANK_PERSISTENT,17,1098,-0.03445287414313695,-0.07599918977141418,0.064949391344954,"2023,2024,2025",14,-0.053215726362358926,0.6396721319160601,0.3507879433088071,-0.3507879433088071,25,0.22580645161290322,prior_season_only,true,-0.053215726362358926,-0.053215726362358926,0.0,0.0
2026,0,NYJ,team_defense.rush_success_rate,team_defense,lower_better,RANK_PERSISTENT,17,1098,0.4144329896907217,0.4019777133617364,0.032975036932461385,"2023,2024,2025",16,0.408394067834244,0.37771834356079337,0.19458217698586394,-0.19458217698586394,17,0.4838709677419355,prior_season_only,true,0.408394067834244,0.408394067834244,0.0,0.0
2026,0,NYJ,team_defense.success_rate,team_defense,lower_better,RANK_PERSISTENT,17,1098,0.45719489981785066,0.43839550006288847,0.025454573794236213,"2023,2024,2025",16,0.44808003933059626,0.7385470252587386,0.3804636190726833,-0.3804636190726833,24,0.25806451612903225,prior_season_only,true,0.44808003933059626,0.44808003933059626,0.0,0.0
2026,0,NYJ,team_offense.early_down_epa_per_play,team_offense,higher_better,UNVALIDATED_RANK_PERSISTENT,17,1032,-0.08577990837493073,-0.005377369437322377,0.078391754097071,"2023,2024,2025",8,-0.06005109591489606,-1.0256504636705468,-0.6974423152959718,-0.6974423152959718,29,0.0967741935483871,prior_season_only,true,-0.06005109591489606,-0.06005109591489606,0.0,0.0
2026,0,NYJ,team_offense.epa_per_play,team_offense,higher_better,VALIDATED_PERSISTENCE,17,1032,-0.12930714078537286,-0.00013083193528753284,0.09208398177730366,"2023,2024,2025",8,-0.08797072195334557,-1.402809765139022,-0.953910640294535,-0.953910640294535,29,0.0967741935483871,prior_season_only,true,-0.08797072195334557,-0.08797072195334557,0.0,0.0
2026,0,NYJ,team_offense.explosive_pass_rate,team_offense,higher_better,RANK_PERSISTENT,17,1032,0.04276315789473684,0.0795744413888399,0.017733172299595607,"2023,2024,2025",16,0.06061105292218075,-2.07584310760588,-1.069373722099999,-1.069373722099999,32,0.0,prior_season_only,true,0.06061105292218075,0.06061105292218075,0.0,0.0
2026,0,NYJ,team_offense.explosive_rush_rate,team_offense,higher_better,NOT_RANK_PERSISTENT,17,1032,0.09725685785536159,0.09901553176727344,0.01953435294400914,"2023,2024,2025",16,0.0981095482368946,-0.090029801189356,-0.0463789884914866,-0.0463789884914866,17,0.4838709677419355,prior_season_only,false,0.0981095482368946,0.0981095482368946,0.0,0.0
2026,0,NYJ,team_offense.pass_epa_per_dropback,team_offense,higher_better,UNVALIDATED_RANK_PERSISTENT,17,1032,-0.14807569822605596,0.030780199231029884,0.1279708212728859,"2023,2024,2025",8,-0.0908418110397885,-1.3976303010175442,-0.9503886046919301,-0.9503886046919301,28,0.12903225806451613,prior_season_only,true,-0.0908418110397885,-0.0908418110397885,0.0,0.0
2026,0,NYJ,team_offense.pass_success_rate,team_offense,higher_better,UNVALIDATED_RANK_PERSISTENT,17,1032,0.3980263157894737,0.4520797072840564,0.04182371000768115,"2023,2024,2025",8,0.41532340106774013,-1.2924102497041874,-0.8788389697988478,-0.8788389697988478,30,0.06451612903225806,prior_season_only,true,0.41532340106774013,0.41532340106774013,0.0,0.0
2026,0,NYJ,team_offense.proe,team_offense,neutral,VALIDATED_PERSISTENCE,17,1032,-0.10471481498865079,-0.047704012843975276,0.034857526884517355,"2023,2024,2025",4,-0.09385561458014116,-1.6355377802203737,-1.324006774464112,-0.0,,,prior_season_only,false,-0.09385561458014116,-0.09385561458014116,0.0,0.0
2026,0,NYJ,team_offense.rush_epa_per_play,team_offense,higher_better,RANK_PERSISTENT,17,1032,-0.11685857095900842,-0.08060335268387975,0.07536384453942868,"2023,2024,2025",16,-0.09928028331046118,-0.4810691187093136,-0.24782348539570698,-0.24782348539570698,28,0.12903225806451613,prior_season_only,true,-0.09928028331046118,-0.09928028331046118,0.0,0.0
2026,0,NYJ,team_offense.rush_success_rate,team_offense,higher_better,RANK_PERSISTENT,17,1032,0.4139650872817955,0.4003685439967535,0.03852021536879744,"2023,2024,2025",12,0.4083389314397091,0.3529716320344259,0.20691440498569744,0.20691440498569744,16,0.5161290322580645,prior_season_only,true,0.4083389314397091,0.4083389314397091,0.0,0.0
2026,0,NYJ,team_offense.success_rate,team_offense,higher_better,VALIDATED_PERSISTENCE,17,1032,0.4050387596899225,0.4369580638820209,0.03373700043770765,"2023,2024,2025",4,0.41111862715508407,-0.9461215809933834,-0.7659079465184536,-0.7659079465184536,29,0.0967741935483871,prior_season_only,true,0.41111862715508407,0.41111862715508407,0.0,0.0
2026,0,PHI,pass_protection.qb_hit_rate_allowed,pass_protection,lower_better,UNVALIDATED_RANK_PERSISTENT,17,573,0.09947643979057591,0.14499729036016004,0.03272124457668314,"2023,2024,2025",8,0.11404311197284284,-1.3911711231797665,-0.945996363762241,0.945996363762241,2,0.967741935483871,prior_season_only,true,0.11404311197284284,0.11404311197284284,0.0,0.0
2026,0,PHI,pass_protection.rush_stuffed_rate_approx,pass_protection,lower_better,RANK_PERSISTENT,17,573,0.2517482517482518,0.20453393402173106,0.032349993802877404,"2023,2024,2025",16,0.22885646133539325,1.4594845987983214,0.7518557024112567,-0.7518557024112567,31,0.03225806451612903,prior_season_only,false,0.22885646133539325,0.22885646133539325,0.0,0.0
2026,0,PHI,pass_protection.sack_rate_allowed,pass_protection,lower_better,UNVALIDATED_RANK_PERSISTENT,17,573,0.06108202443280977,0.06640532746445256,0.01878109141151444,"2023,2024,2025",8,0.06278548140293547,-0.28343949321172784,-0.1927388553839748,0.1927388553839748,15,0.5483870967741935,prior_season_only,true,0.06278548140293547,0.06278548140293547,0.0,0.0
2026,0,PHI,pass_rush.qb_hit_rate_generated,pass_rush,higher_better,RANK_PERSISTENT,17,626,0.16293929712460065,0.1441739694155678,0.023402668900553904,"2023,2024,2025",16,0.15384095641719078,0.8018456266152069,0.4130719894684402,0.4130719894684402,7,0.8064516129032258,prior_season_only,true,0.15384095641719078,0.15384095641719078,0.0,0.0
2026,0,PHI,pass_rush.sack_rate_generated,pass_rush,higher_better,NOT_RANK_PERSISTENT,17,626,0.0670926517571885,0.06604664154487218,0.012051753475340252,"2023,2024,2025",14,0.06662026004840048,0.08679319689509213,0.0475962692650503,0.0475962692650503,15,0.5483870967741935,prior_season_only,true,0.06662026004840048,0.06662026004840048,0.0,0.0
2026,0,PHI,special_teams.fg_pct,special_teams,higher_better,NOT_RANK_PERSISTENT,17,217,0.7407407407407407,0.8507127173905934,0.06913215135025523,"2023,2024,2025",16,0.7940604869952147,-1.5907500996560076,-0.8194773240652165,-0.8194773240652165,31,0.03225806451612903,prior_season_only,false,0.7940604869952147,0.7940604869952147,0.0,0.0
2026,0,PHI,special_teams.st_epa_per_play,special_teams,higher_better,RANK_PERSISTENT,17,217,0.031947974428854345,0.06223172610307078,0.09283786774459722,"2023,2024,2025",16,0.04663100554362595,-0.32620042241307107,-0.1680426418491578,-0.1680426418491578,25,0.22580645161290322,prior_season_only,true,0.04663100554362595,0.04663100554362595,0.0,0.0
2026,0,PHI,team_defense.early_down_epa_per_play,team_defense,lower_better,RANK_PERSISTENT,17,1108,-0.02482407362400685,-0.0013076969094549817,0.06388279864549935,"2023,2024,2025",16,-0.013422194004830188,-0.3681175091443593,-0.18963629258951842,0.18963629258951842,14,0.5806451612903226,prior_season_only,true,-0.013422194004830188,-0.013422194004830188,0.0,0.0
2026,0,PHI,team_defense.epa_per_play,team_defense,lower_better,RANK_PERSISTENT,17,1108,-0.05125693462541751,0.004591155429042401,0.06774676986235148,"2023,2024,2025",16,-0.024179072780830885,-0.8243653559857184,-0.42467306217446094,0.42467306217446094,9,0.7419354838709677,prior_season_only,true,-0.024179072780830885,-0.024179072780830885,0.0,0.0
2026,0,PHI,team_defense.explosive_pass_rate,team_defense,lower_better,NOT_RANK_PERSISTENT,17,1108,0.07348242811501597,0.07968322075124035,0.01121813986620499,"2023,2024,2025",14,0.07628278607976247,-0.5527469536107732,-0.3031192971413916,0.3031192971413916,11,0.6774193548387096,prior_season_only,false,0.07628278607976247,0.07628278607976247,0.0,0.0
2026,0,PHI,team_defense.explosive_rush_rate,team_defense,lower_better,RANK_PERSISTENT,17,1108,0.09977324263038549,0.09995627452646601,0.020596023639878284,"2023,2024,2025",16,0.09986198536787907,-0.008886758885153289,-0.004578027304472926,0.004578027304472926,20,0.3870967741935484,prior_season_only,true,0.09986198536787907,0.09986198536787907,0.0,0.0
2026,0,PHI,team_defense.pass_epa_per_dropback,team_defense,lower_better,RANK_PERSISTENT,17,1108,-0.06888622260767321,0.03612076420012932,0.09487757506079898,"2023,2024,2025",16,-0.01797374415540532,-1.1067629704965845,-0.5701506211649071,0.5701506211649071,7,0.8064516129032258,prior_season_only,true,-0.01797374415540532,-0.01797374415540532,0.0,0.0
2026,0,PHI,team_defense.pass_success_rate,team_defense,lower_better,RANK_PERSISTENT,17,1108,0.41533546325878595,0.45363962350332016,0.03204062541287013,"2023,2024,2025",16,0.43390717731674194,-1.1954872837515875,-0.6158570855689992,0.6158570855689992,5,0.8709677419354839,prior_season_only,true,0.43390717731674194,0.43390717731674194,0.0,0.0
2026,0,PHI,team_defense.rush_epa_per_play,team_defense,lower_better,NOT_RANK_PERSISTENT,17,1108,-0.10372338294466414,-0.07599918977141418,0.064949391344954,"2023,2024,2025",14,-0.09120277957609964,-0.42685839850297363,-0.23408363788872744,0.23408363788872744,9,0.7419354838709677,prior_season_only,true,-0.09120277957609964,-0.09120277957609964,0.0,0.0
2026,0,PHI,team_defense.rush_success_rate,team_defense,lower_better,RANK_PERSISTENT,17,1108,0.41496598639455784,0.4019777133617364,0.032975036932461385,"2023,2024,2025",16,0.4086686418937959,0.39388198592237234,0.20290890183879806,-0.20290890183879806,18,0.45161290322580644,prior_season_only,true,0.4086686418937959,0.4086686418937959,0.0,0.0
2026,0,PHI,team_defense.success_rate,team_defense,lower_better,RANK_PERSISTENT,17,1108,0.4250902527075812,0.43839550006288847,0.025454573794236213,"2023,2024,2025",16,0.4315412817283362,-0.5227055641497329,-0.2692725633498634,0.2692725633498634,11,0.6774193548387096,prior_season_only,true,0.4315412817283362,0.4315412817283362,0.0,0.0
2026,0,PHI,team_offense.early_down_epa_per_play,team_offense,higher_better,UNVALIDATED_RANK_PERSISTENT,17,1033,-0.0024934303304585915,-0.005377369437322377,0.078391754097071,"2023,2024,2025",8,-0.003416290844655003,0.03678880693615631,0.02501638871658629,0.02501638871658629,20,0.3870967741935484,prior_season_only,true,-0.003416290844655003,-0.003416290844655003,0.0,0.0
2026,0,PHI,team_offense.epa_per_play,team_offense,higher_better,VALIDATED_PERSISTENCE,17,1033,0.03425848494592633,-0.00013083193528753284,0.09208398177730366,"2023,2024,2025",8,0.023253903543937894,0.37345601501443704,0.2539500902098172,0.2539500902098172,17,0.4838709677419355,prior_season_only,true,0.023253903543937894,0.023253903543937894,0.0,0.0
2026,0,PHI,team_offense.explosive_pass_rate,team_offense,higher_better,RANK_PERSISTENT,17,1033,0.07329842931937172,0.0795744413888399,0.017733172299595607,"2023,2024,2025",16,0.07634134426214417,-0.35391366888209275,-0.18231916275744167,-0.18231916275744167,20,0.3870967741935484,prior_season_only,true,0.07634134426214417,0.07634134426214417,0.0,0.0
2026,0,PHI,team_offense.explosive_rush_rate,team_offense,higher_better,NOT_RANK_PERSISTENT,17,1033,0.11655011655011654,0.09901553176727344,0.01953435294400914,"2023,2024,2025",16,0.10804849968570776,0.8976281340417097,0.4624144932942137,0.4624144932942137,4,0.9032258064516129,prior_season_only,false,0.10804849968570776,0.10804849968570776,0.0,0.0
2026,0,PHI,team_offense.pass_epa_per_dropback,team_offense,higher_better,UNVALIDATED_RANK_PERSISTENT,17,1033,0.07645446707027212,0.030780199231029884,0.1279708212728859,"2023,2024,2025",8,0.061838701361714606,0.35691157863124207,0.2426998734692446,0.2426998734692446,14,0.5806451612903226,prior_season_only,true,0.061838701361714606,0.061838701361714606,0.0,0.0
2026,0,PHI,team_offense.pass_success_rate,team_offense,higher_better,UNVALIDATED_RANK_PERSISTENT,17,1033,0.4467713787085515,0.4520797072840564,0.04182371000768115,"2023,2024,2025",8,0.44847004385271305,-0.1269215135273746,-0.08630662919861488,-0.08630662919861488,22,0.3225806451612903,prior_season_only,true,0.44847004385271305,0.44847004385271305,0.0,0.0
2026,0,PHI,team_offense.proe,team_offense,neutral,VALIDATED_PERSISTENCE,17,1033,-0.04953030313816848,-0.047704012843975276,0.034857526884517355,"2023,2024,2025",4,-0.049182438320226916,-0.052392996790727224,-0.04241337835439817,-0.0,,,prior_season_only,false,-0.049182438320226916,-0.049182438320226916,0.0,0.0
2026,0,PHI,team_offense.rush_epa_per_play,team_offense,higher_better,RANK_PERSISTENT,17,1033,-0.046777345841440075,-0.08060335268387975,0.07536384453942868,"2023,2024,2025",16,-0.06317783400747143,0.4488360041762819,0.23121854760596344,0.23121854760596344,13,0.6129032258064516,prior_season_only,true,-0.06317783400747143,-0.06317783400747143,0.0,0.0
2026,0,PHI,team_offense.rush_success_rate,team_offense,higher_better,RANK_PERSISTENT,17,1033,0.40792540792540793,0.4003685439967535,0.03852021536879744,"2023,2024,2025",12,0.40479842974803365,0.19617917128198997,0.11500158316530378,0.11500158316530378,17,0.4838709677419355,prior_season_only,true,0.40479842974803365,0.40479842974803365,0.0,0.0
2026,0,PHI,team_offense.success_rate,team_offense,higher_better,VALIDATED_PERSISTENCE,17,1033,0.43272023233301066,0.4369580638820209,0.03373700043770765,"2023,2024,2025",4,0.4335274383423459,-0.12561376216107378,-0.101687331273251,-0.101687331273251,23,0.2903225806451613,prior_season_only,true,0.4335274383423459,0.4335274383423459,0.0,0.0
2026,0,PIT,pass_protection.qb_hit_rate_allowed,pass_protection,lower_better,UNVALIDATED_RANK_PERSISTENT,17,591,0.1065989847715736,0.14499729036016004,0.03272124457668314,"2023,2024,2025",8,0.11888644255992126,-1.1734977102902961,-0.7979784429974016,0.7979784429974016,5,0.8709677419354839,prior_season_only,true,0.11888644255992126,0.11888644255992126,0.0,0.0
2026,0,PIT,pass_protection.rush_stuffed_rate_approx,pass_protection,lower_better,RANK_PERSISTENT,17,591,0.18508997429305912,0.20453393402173106,0.032349993802877404,"2023,2024,2025",16,0.19451734870696066,-0.6010498749134993,-0.309631753743318,0.309631753743318,12,0.6451612903225806,prior_season_only,false,0.19451734870696066,0.19451734870696066,0.0,0.0
2026,0,PIT,pass_protection.sack_rate_allowed,pass_protection,lower_better,UNVALIDATED_RANK_PERSISTENT,17,591,0.05245346869712352,0.06640532746445256,0.01878109141151444,"2023,2024,2025",8,0.056918063502668814,-0.7428673052927763,-0.5051497675990879,0.5051497675990879,11,0.6774193548387096,prior_season_only,true,0.056918063502668814,0.056918063502668814,0.0,0.0
2026,0,PIT,pass_rush.qb_hit_rate_generated,pass_rush,higher_better,RANK_PERSISTENT,17,683,0.1581259150805271,0.1441739694155678,0.023402668900553904,"2023,2024,2025",16,0.1513613353641832,0.5961689978286657,0.307117362517798,0.307117362517798,11,0.6774193548387096,prior_season_only,true,0.1513613353641832,0.1513613353641832,0.0,0.0
2026,0,PIT,pass_rush.sack_rate_generated,pass_rush,higher_better,NOT_RANK_PERSISTENT,17,683,0.07027818448023426,0.06604664154487218,0.012051753475340252,"2023,2024,2025",14,0.06836716509007074,0.351114295859144,0.19254654934211085,0.19254654934211085,11,0.6774193548387096,prior_season_only,true,0.06836716509007074,0.06836716509007074,0.0,0.0
2026,0,PIT,special_teams.fg_pct,special_teams,higher_better,NOT_RANK_PERSISTENT,17,226,0.84375,0.8507127173905934,0.06913215135025523,"2023,2024,2025",16,0.8471258629772574,-0.1007160525833642,-0.05188402708839911,-0.05188402708839911,19,0.4032258064516129,prior_season_only,false,0.8471258629772574,0.8471258629772574,0.0,0.0
2026,0,PIT,special_teams.st_epa_per_play,special_teams,higher_better,RANK_PERSISTENT,17,226,0.13513649252792323,0.06223172610307078,0.09283786774459722,"2023,2024,2025",16,0.09978872698860083,0.7852912631020136,0.4045439840222495,0.4045439840222495,10,0.7096774193548387,prior_season_only,true,0.09978872698860083,0.09978872698860083,0.0,0.0
2026,0,PIT,team_defense.early_down_epa_per_play,team_defense,lower_better,RANK_PERSISTENT,17,1142,-0.045901826627860486,-0.0013076969094549817,0.06388279864549935,"2023,2024,2025",16,-0.024280430400754786,-0.6980616169599707,-0.3596074996460455,0.3596074996460455,10,0.7096774193548387,prior_season_only,true,-0.024280430400754786,-0.024280430400754786,0.0,0.0
2026,0,PIT,team_defense.epa_per_play,team_defense,lower_better,RANK_PERSISTENT,17,1142,0.025180083130646642,0.004591155429042401,0.06774676986235148,"2023,2024,2025",16,0.015197572729868828,0.3039101014474493,0.1565597492305042,-0.1565597492305042,19,0.41935483870967744,prior_season_only,true,0.015197572729868828,0.015197572729868828,0.0,0.0
2026,0,PIT,team_defense.explosive_pass_rate,team_defense,lower_better,NOT_RANK_PERSISTENT,17,1142,0.07759882869692533,0.07968322075124035,0.01121813986620499,"2023,2024,2025",14,0.07854016704403534,-0.18580549709442595,-0.10189333711629807,0.10189333711629807,16,0.5161290322580645,prior_season_only,false,0.07854016704403534,0.07854016704403534,0.0,0.0
2026,0,PIT,team_defense.explosive_rush_rate,team_defense,lower_better,RANK_PERSISTENT,17,1142,0.09761904761904762,0.09995627452646601,0.020596023639878284,"2023,2024,2025",16,0.09875224854385653,-0.11347952149817014,-0.058459147438451514,0.058459147438451514,18,0.45161290322580644,prior_season_only,true,0.09875224854385653,0.09875224854385653,0.0,0.0
2026,0,PIT,team_defense.pass_epa_per_dropback,team_defense,lower_better,RANK_PERSISTENT,17,1142,0.04630564079812604,0.03612076420012932,0.09487757506079898,"2023,2024,2025",16,0.04136751881121854,0.1073475643899003,0.05530026044328199,-0.05530026044328199,16,0.5161290322580645,prior_season_only,true,0.04136751881121854,0.04136751881121854,0.0,0.0
2026,0,PIT,team_defense.pass_success_rate,team_defense,lower_better,RANK_PERSISTENT,17,1142,0.4538799414348463,0.45363962350332016,0.03204062541287013,"2023,2024,2025",16,0.45376342364986394,0.007500413254405222,0.003863849252270092,-0.003863849252270092,16,0.5161290322580645,prior_season_only,true,0.45376342364986394,0.45376342364986394,0.0,0.0
2026,0,PIT,team_defense.rush_epa_per_play,team_defense,lower_better,NOT_RANK_PERSISTENT,17,1142,-0.03479338891477603,-0.07599918977141418,0.064949391344954,"2023,2024,2025",14,-0.0534024602693868,0.6344293611281006,0.34791287545734545,-0.34791287545734545,24,0.25806451612903225,prior_season_only,true,-0.0534024602693868,-0.0534024602693868,0.0,0.0
2026,0,PIT,team_defense.rush_success_rate,team_defense,lower_better,RANK_PERSISTENT,17,1142,0.3976190476190476,0.4019777133617364,0.032975036932461385,"2023,2024,2025",16,0.39973234010035125,-0.13218076909560675,-0.06809312347349439,0.06809312347349439,13,0.6129032258064516,prior_season_only,true,0.39973234010035125,0.39973234010035125,0.0,0.0
2026,0,PIT,team_defense.success_rate,team_defense,lower_better,RANK_PERSISTENT,17,1142,0.43782837127845886,0.43839550006288847,0.025454573794236213,"2023,2024,2025",16,0.4381033428103035,-0.02228003458294093,-0.011477593573030968,0.011477593573030968,13,0.6129032258064516,prior_season_only,true,0.4381033428103035,0.4381033428103035,0.0,0.0
2026,0,PIT,team_offense.early_down_epa_per_play,team_offense,higher_better,UNVALIDATED_RANK_PERSISTENT,17,1015,0.00041128802965920857,-0.005377369437322377,0.078391754097071,"2023,2024,2025",8,-0.0014410823597748989,0.07384268324718953,0.05021302460808888,0.05021302460808888,19,0.41935483870967744,prior_season_only,true,-0.0014410823597748989,-0.0014410823597748989,0.0,0.0
2026,0,PIT,team_offense.epa_per_play,team_offense,higher_better,VALIDATED_PERSISTENCE,17,1015,0.027629675190432846,-0.00013083193528753284,0.09208398177730366,"2023,2024,2025",8,0.018746312910202328,0.30146944767067657,0.20499922441606008,0.20499922441606008,18,0.45161290322580644,prior_season_only,true,0.018746312910202328,0.018746312910202328,0.0,0.0
2026,0,PIT,team_offense.explosive_pass_rate,team_offense,higher_better,RANK_PERSISTENT,17,1015,0.06937394247038917,0.0795744413888399,0.017733172299595607,"2023,2024,2025",16,0.07431963891569861,-0.5752213279224355,-0.2963261386267095,-0.2963261386267095,23,0.2903225806451613,prior_season_only,true,0.07431963891569861,0.07431963891569861,0.0,0.0
2026,0,PIT,team_offense.explosive_rush_rate,team_offense,higher_better,NOT_RANK_PERSISTENT,17,1015,0.10796915167095116,0.09901553176727344,0.01953435294400914,"2023,2024,2025",16,0.10362800262674378,0.45835252026730877,0.23612099528921962,0.23612099528921962,10,0.7096774193548387,prior_season_only,false,0.10362800262674378,0.10362800262674378,0.0,0.0
2026,0,PIT,team_offense.pass_epa_per_dropback,team_offense,higher_better,UNVALIDATED_RANK_PERSISTENT,17,1015,0.03569795654812896,0.030780199231029884,0.1279708212728859,"2023,2024,2025",8,0.03412427420665726,0.03842873920932661,0.026131542662342095,0.026131542662342095,19,0.41935483870967744,prior_season_only,true,0.03412427420665726,0.03412427420665726,0.0,0.0
2026,0,PIT,team_offense.pass_success_rate,team_offense,higher_better,UNVALIDATED_RANK_PERSISTENT,17,1015,0.43824027072758037,0.4520797072840564,0.04182371000768115,"2023,2024,2025",8,0.4426688904256527,-0.33089930457949157,-0.2250115271140538,-0.2250115271140538,24,0.25806451612903225,prior_season_only,true,0.4426688904256527,0.4426688904256527,0.0,0.0
2026,0,PIT,team_offense.proe,team_offense,neutral,VALIDATED_PERSISTENCE,17,1015,-0.03559765671205356,-0.047704012843975276,0.034857526884517355,"2023,2024,2025",4,-0.037903629308610076,0.3473096692152015,0.2811554465075441,0.0,,,prior_season_only,false,-0.037903629308610076,-0.037903629308610076,0.0,0.0
2026,0,PIT,team_offense.rush_epa_per_play,team_offense,higher_better,RANK_PERSISTENT,17,1015,-0.0014447526456242037,-0.08060335268387975,0.07536384453942868,"2023,2024,2025",16,-0.039824679936899615,1.0503524670485929,0.5410906648432146,0.5410906648432146,7,0.8064516129032258,prior_season_only,true,-0.039824679936899615,-0.039824679936899615,0.0,0.0
2026,0,PIT,team_offense.rush_success_rate,team_offense,higher_better,RANK_PERSISTENT,17,1015,0.43958868894601544,0.4003685439967535,0.03852021536879744,"2023,2024,2025",12,0.4233596634497691,1.0181704482636793,0.5968585386373292,0.5968585386373292,6,0.8387096774193549,prior_season_only,true,0.4233596634497691,0.4233596634497691,0.0,0.0
2026,0,PIT,team_offense.success_rate,team_offense,higher_better,VALIDATED_PERSISTENCE,17,1015,0.4413793103448276,0.4369580638820209,0.03373700043770765,"2023,2024,2025",4,0.44053716816143584,0.13105037215653204,0.1060883965076691,0.1060883965076691,17,0.4838709677419355,prior_season_only,true,0.44053716816143584,0.44053716816143584,0.0,0.0
2026,0,SEA,pass_protection.qb_hit_rate_allowed,pass_protection,lower_better,UNVALIDATED_RANK_PERSISTENT,17,518,0.11583011583011583,0.14499729036016004,0.03272124457668314,"2023,2024,2025",8,0.12516361167972997,-0.8913834087725522,-0.6061407179653358,0.6061407179653358,6,0.8387096774193549,prior_season_only,true,0.12516361167972997,0.12516361167972997,0.0,0.0
2026,0,SEA,pass_protection.rush_stuffed_rate_approx,pass_protection,lower_better,RANK_PERSISTENT,17,518,0.23217922606924643,0.20453393402173106,0.032349993802877404,"2023,2024,2025",16,0.21877544810681473,0.8545686968588052,0.44023235898786933,-0.44023235898786933,26,0.1935483870967742,prior_season_only,false,0.21877544810681473,0.21877544810681473,0.0,0.0
2026,0,SEA,pass_protection.sack_rate_allowed,pass_protection,lower_better,UNVALIDATED_RANK_PERSISTENT,17,518,0.052123552123552123,0.06640532746445256,0.01878109141151444,"2023,2024,2025",8,0.056693720232640264,-0.7604337270913056,-0.5170949344220878,0.5170949344220878,9,0.7419354838709677,prior_season_only,true,0.056693720232640264,0.056693720232640264,0.0,0.0
2026,0,SEA,pass_rush.qb_hit_rate_generated,pass_rush,higher_better,RANK_PERSISTENT,17,689,0.15965166908563136,0.1441739694155678,0.023402668900553904,"2023,2024,2025",16,0.15214732985166113,0.6613647245035902,0.3407030398957883,0.3407030398957883,10,0.7096774193548387,prior_season_only,true,0.15214732985166113,0.15214732985166113,0.0,0.0
2026,0,SEA,pass_rush.sack_rate_generated,pass_rush,higher_better,NOT_RANK_PERSISTENT,17,689,0.06821480406386067,0.06604664154487218,0.012051753475340252,"2023,2024,2025",14,0.0672356338939949,0.17990432043145319,0.09865720797853844,0.09865720797853844,12,0.6451612903225806,prior_season_only,true,0.0672356338939949,0.0672356338939949,0.0,0.0
2026,0,SEA,special_teams.fg_pct,special_teams,higher_better,NOT_RANK_PERSISTENT,17,218,0.8541666666666666,0.8507127173905934,0.06913215135025523,"2023,2024,2025",16,0.852492024593419,0.04996154768240812,0.025737766987907116,0.025737766987907116,17,0.4838709677419355,prior_season_only,false,0.852492024593419,0.852492024593419,0.0,0.0
2026,0,SEA,special_teams.st_epa_per_play,special_teams,higher_better,RANK_PERSISTENT,17,218,0.17785416357834305,0.06223172610307078,0.09283786774459722,"2023,2024,2025",16,0.12179479995396861,1.2454232339044755,0.6415816659507904,0.6415816659507904,8,0.7741935483870968,prior_season_only,true,0.12179479995396861,0.12179479995396861,0.0,0.0
2026,0,SEA,team_defense.early_down_epa_per_play,team_defense,lower_better,RANK_PERSISTENT,17,1106,-0.07024892706502563,-0.0013076969094549817,0.06388279864549935,"2023,2024,2025",16,-0.03682287608050652,-1.0791829978855767,-0.5559427564865091,0.5559427564865091,4,0.9032258064516129,prior_season_only,true,-0.03682287608050652,-0.03682287608050652,0.0,0.0
2026,0,SEA,team_defense.epa_per_play,team_defense,lower_better,RANK_PERSISTENT,17,1106,-0.1127908726078082,0.004591155429042401,0.06774676986235148,"2023,2024,2025",16,-0.055878374165698824,-1.732658668086294,-0.8925817381050606,0.8925817381050606,1,1.0,prior_season_only,true,-0.055878374165698824,-0.055878374165698824,0.0,0.0
2026,0,SEA,team_defense.explosive_pass_rate,team_defense,lower_better,NOT_RANK_PERSISTENT,17,1106,0.06386066763425254,0.07968322075124035,0.01121813986620499,"2023,2024,2025",14,0.07100633678385994,-1.4104435588874913,-0.7734690484221722,0.7734690484221722,5,0.8709677419354839,prior_season_only,false,0.07100633678385994,0.07100633678385994,0.0,0.0
2026,0,SEA,team_defense.explosive_rush_rate,team_defense,lower_better,RANK_PERSISTENT,17,1106,0.04774535809018567,0.09995627452646601,0.020596023639878284,"2023,2024,2025",16,0.07305974181686704,-2.5349998305104338,-1.3059090035962841,1.3059090035962841,1,1.0,prior_season_only,true,0.07305974181686704,0.07305974181686704,0.0,0.0
2026,0,SEA,team_defense.pass_epa_per_dropback,team_defense,lower_better,RANK_PERSISTENT,17,1106,-0.07835320799630592,0.03612076420012932,0.09487757506079898,"2023,2024,2025",16,-0.02285067602227671,-1.2065440344894838,-0.6215529874642796,0.6215529874642796,6,0.8387096774193549,prior_season_only,true,-0.02285067602227671,-0.02285067602227671,0.0,0.0
2026,0,SEA,team_defense.pass_success_rate,team_defense,lower_better,RANK_PERSISTENT,17,1106,0.41364296081277213,0.45363962350332016,0.03204062541287013,"2023,2024,2025",16,0.43303528211728026,-1.2483109232469007,-0.6430692634908277,0.6430692634908277,4,0.9032258064516129,prior_season_only,true,0.43303528211728026,0.43303528211728026,0.0,0.0
2026,0,SEA,team_defense.rush_epa_per_play,team_defense,lower_better,NOT_RANK_PERSISTENT,17,1106,-0.20550122246127,-0.07599918977141418,0.064949391344954,"2023,2024,2025",14,-0.14701643350456092,-1.993891397720034,-1.0934243148787284,1.0934243148787284,1,1.0,prior_season_only,true,-0.14701643350456092,-0.14701643350456092,0.0,0.0
2026,0,SEA,team_defense.rush_success_rate,team_defense,lower_better,RANK_PERSISTENT,17,1106,0.35809018567639256,0.4019777133617364,0.032975036932461385,"2023,2024,2025",16,0.37936898697837745,-1.3309318735634206,-0.6856315712296405,0.6856315712296405,1,1.0,prior_season_only,true,0.37936898697837745,0.37936898697837745,0.0,0.0
2026,0,SEA,team_defense.success_rate,team_defense,lower_better,RANK_PERSISTENT,17,1106,0.40054249547920434,0.43839550006288847,0.025454573794236213,"2023,2024,2025",16,0.4188954673985663,-1.487080667296631,-0.7660718589103868,0.7660718589103868,3,0.9354838709677419,prior_season_only,true,0.4188954673985663,0.4188954673985663,0.0,0.0
2026,0,SEA,team_offense.early_down_epa_per_play,team_offense,higher_better,UNVALIDATED_RANK_PERSISTENT,17,1039,0.044207760734869726,-0.005377369437322377,0.078391754097071,"2023,2024,2025",8,0.02834051907976826,0.6325299228639761,0.43012034754750383,0.43012034754750383,10,0.7096774193548387,prior_season_only,true,0.02834051907976826,0.02834051907976826,0.0,0.0
2026,0,SEA,team_offense.epa_per_play,team_offense,higher_better,VALIDATED_PERSISTENCE,17,1039,0.03645761613838032,-0.00013083193528753284,0.09208398177730366,"2023,2024,2025",8,0.02474931275480661,0.3973378145414425,0.2701897138881809,0.2701897138881809,14,0.5806451612903226,prior_season_only,true,0.02474931275480661,0.02474931275480661,0.0,0.0
2026,0,SEA,team_offense.explosive_pass_rate,team_offense,higher_better,RANK_PERSISTENT,17,1039,0.11003861003861004,0.0795744413888399,0.017733172299595607,"2023,2024,2025",16,0.09526810402660027,1.7179198473397146,0.8849890122659132,0.8849890122659132,3,0.9354838709677419,prior_season_only,true,0.09526810402660027,0.09526810402660027,0.0,0.0
2026,0,SEA,team_offense.explosive_rush_rate,team_offense,higher_better,NOT_RANK_PERSISTENT,17,1039,0.1079429735234216,0.09901553176727344,0.01953435294400914,"2023,2024,2025",16,0.10361451691438006,0.4570124120177756,0.23543063649400534,0.23543063649400534,11,0.6774193548387096,prior_season_only,false,0.10361451691438006,0.10361451691438006,0.0,0.0
2026,0,SEA,team_offense.pass_epa_per_dropback,team_offense,higher_better,UNVALIDATED_RANK_PERSISTENT,17,1039,0.11742538077093774,0.030780199231029884,0.1279708212728859,"2023,2024,2025",8,0.08969892267816723,0.6770698248090872,0.4604074808701793,0.4604074808701793,9,0.7419354838709677,prior_season_only,true,0.08969892267816723,0.08969892267816723,0.0,0.0
2026,0,SEA,team_offense.pass_success_rate,team_offense,higher_better,UNVALIDATED_RANK_PERSISTENT,17,1039,0.5212355212355212,0.4520797072840564,0.04182371000768115,"2023,2024,2025",8,0.49910566077105245,1.6535073990031963,1.1243850313221735,1.1243850313221735,4,0.9032258064516129,prior_season_only,true,0.49910566077105245,0.49910566077105245,0.0,0.0
2026,0,SEA,team_offense.proe,team_offense,neutral,VALIDATED_PERSISTENCE,17,1039,-0.0898735588748112,-0.047704012843975276,0.034857526884517355,"2023,2024,2025",4,-0.08184126439274722,-1.2097687300233095,-0.9793365909712506,-0.0,,,prior_season_only,false,-0.08184126439274722,-0.08184126439274722,0.0,0.0
2026,0,SEA,team_offense.rush_epa_per_play,team_offense,higher_better,RANK_PERSISTENT,17,1039,-0.07584910137053695,-0.08060335268387975,0.07536384453942868,"2023,2024,2025",16,-0.07815419291640012,0.06308398068593063,0.032497808232146146,0.032497808232146146,22,0.3225806451612903,prior_season_only,true,-0.07815419291640012,-0.07815419291640012,0.0,0.0
2026,0,SEA,team_offense.rush_success_rate,team_offense,higher_better,RANK_PERSISTENT,17,1039,0.3971486761710794,0.4003685439967535,0.03852021536879744,"2023,2024,2025",12,0.3984810352713583,-0.08358904006238407,-0.049000471760708555,-0.049000471760708555,23,0.2903225806451613,prior_season_only,true,0.3984810352713583,0.3984810352713583,0.0,0.0
2026,0,SEA,team_offense.success_rate,team_offense,higher_better,VALIDATED_PERSISTENCE,17,1039,0.465832531280077,0.4369580638820209,0.03373700043770765,"2023,2024,2025",4,0.46033263272806635,0.8558694318829625,0.6928466829528751,0.6928466829528751,8,0.7741935483870968,prior_season_only,true,0.46033263272806635,0.46033263272806635,0.0,0.0
2026,0,SF,pass_protection.qb_hit_rate_allowed,pass_protection,lower_better,UNVALIDATED_RANK_PERSISTENT,17,624,0.13141025641025642,0.14499729036016004,0.03272124457668314,"2023,2024,2025",8,0.13575810727422558,-0.41523585443279937,-0.28236038101430355,0.28236038101430355,14,0.5806451612903226,prior_season_only,true,0.13575810727422558,0.13575810727422558,0.0,0.0
2026,0,SF,pass_protection.rush_stuffed_rate_approx,pass_protection,lower_better,RANK_PERSISTENT,17,624,0.19413092550790068,0.20453393402173106,0.032349993802877404,"2023,2024,2025",16,0.19917480842369722,-0.321576831736675,-0.16566079210677204,0.16566079210677204,14,0.5806451612903226,prior_season_only,false,0.19917480842369722,0.19917480842369722,0.0,0.0
2026,0,SF,pass_protection.sack_rate_allowed,pass_protection,lower_better,UNVALIDATED_RANK_PERSISTENT,17,624,0.04326923076923077,0.06640532746445256,0.01878109141151444,"2023,2024,2025",8,0.05067278171170174,-1.2318824390065721,-0.8376800585244691,0.8376800585244691,4,0.9032258064516129,prior_season_only,true,0.05067278171170174,0.05067278171170174,0.0,0.0
2026,0,SF,pass_rush.qb_hit_rate_generated,pass_rush,higher_better,RANK_PERSISTENT,17,630,0.09047619047619047,0.1441739694155678,0.023402668900553904,"2023,2024,2025",16,0.11651147723467645,-2.294515175493782,-1.1820229691937663,-1.1820229691937663,32,0.0,prior_season_only,true,0.11651147723467645,0.11651147723467645,0.0,0.0
2026,0,SF,pass_rush.sack_rate_generated,pass_rush,higher_better,NOT_RANK_PERSISTENT,17,630,0.031746031746031744,0.06604664154487218,0.012051753475340252,"2023,2024,2025",14,0.04723662971970162,-2.846109478510723,-1.5607697140220091,-1.5607697140220091,32,0.0,prior_season_only,true,0.04723662971970162,0.04723662971970162,0.0,0.0
2026,0,SF,special_teams.fg_pct,special_teams,higher_better,NOT_RANK_PERSISTENT,17,207,0.9166666666666666,0.8507127173905934,0.06913215135025523,"2023,2024,2025",16,0.8846889942903887,0.9540271492770452,0.49146853144575087,0.49146853144575087,7,0.8064516129032258,prior_season_only,false,0.8846889942903887,0.8846889942903887,0.0,0.0
2026,0,SF,special_teams.st_epa_per_play,special_teams,higher_better,RANK_PERSISTENT,17,207,0.2064487195539152,0.06223172610307078,0.09283786774459722,"2023,2024,2025",16,0.13652532878986942,1.5534285411163726,0.8002510666357071,0.8002510666357071,2,0.967741935483871,prior_season_only,true,0.13652532878986942,0.13652532878986942,0.0,0.0
2026,0,SF,team_defense.early_down_epa_per_play,team_defense,lower_better,RANK_PERSISTENT,17,1063,0.07682978045873178,-0.0013076969094549817,0.06388279864549935,"2023,2024,2025",16,0.03894494294688365,1.223137981192558,0.6301013842507117,-0.6301013842507117,25,0.22580645161290322,prior_season_only,true,0.03894494294688365,0.03894494294688365,0.0,0.0
2026,0,SF,team_defense.epa_per_play,team_defense,lower_better,RANK_PERSISTENT,17,1063,0.0699681510739864,0.004591155429042401,0.06774676986235148,"2023,2024,2025",16,0.03827021379158931,0.9650201150221273,0.4971315744053383,-0.4971315744053383,24,0.25806451612903225,prior_season_only,true,0.03827021379158931,0.03827021379158931,0.0,0.0
2026,0,SF,team_defense.explosive_pass_rate,team_defense,lower_better,NOT_RANK_PERSISTENT,17,1063,0.07142857142857142,0.07968322075124035,0.01121813986620499,"2023,2024,2025",14,0.07515647757429288,-0.73583048715022,-0.40351994456624946,0.40351994456624946,9,0.7419354838709677,prior_season_only,false,0.07515647757429288,0.07515647757429288,0.0,0.0
2026,0,SF,team_defense.explosive_rush_rate,team_defense,lower_better,RANK_PERSISTENT,17,1063,0.08270676691729323,0.09995627452646601,0.020596023639878284,"2023,2024,2025",16,0.09107016454598306,-0.8375164017472801,-0.4314478433243565,0.4314478433243565,8,0.7741935483870968,prior_season_only,true,0.09107016454598306,0.09107016454598306,0.0,0.0
2026,0,SF,team_defense.pass_epa_per_dropback,team_defense,lower_better,RANK_PERSISTENT,17,1063,0.14305384726428655,0.03612076420012932,0.09487757506079898,"2023,2024,2025",16,0.09120750396045274,1.127063829315124,0.5806086393441549,-0.5806086393441549,25,0.22580645161290322,prior_season_only,true,0.09120750396045274,0.09120750396045274,0.0,0.0
2026,0,SF,team_defense.pass_success_rate,team_defense,lower_better,RANK_PERSISTENT,17,1063,0.4936507936507937,0.45363962350332016,0.03204062541287013,"2023,2024,2025",16,0.47425143842777623,1.2487637064475579,0.6433025154426819,-0.6433025154426819,26,0.1935483870967742,prior_season_only,true,0.47425143842777623,0.47425143842777623,0.0,0.0
2026,0,SF,team_defense.rush_epa_per_play,team_defense,lower_better,NOT_RANK_PERSISTENT,17,1063,-0.06943846925553807,-0.07599918977141418,0.064949391344954,"2023,2024,2025",14,-0.07240137529496599,0.1010128098203621,0.05539412151439214,-0.05539412151439214,17,0.4838709677419355,prior_season_only,true,-0.07240137529496599,-0.07240137529496599,0.0,0.0
2026,0,SF,team_defense.rush_success_rate,team_defense,lower_better,RANK_PERSISTENT,17,1063,0.46365914786967416,0.4019777133617364,0.032975036932461385,"2023,2024,2025",16,0.4337529978052195,1.8705493684289753,0.9636163413118963,-0.9636163413118963,31,0.03225806451612903,prior_season_only,true,0.4337529978052195,0.4337529978052195,0.0,0.0
2026,0,SF,team_defense.success_rate,team_defense,lower_better,RANK_PERSISTENT,17,1063,0.4835371589840075,0.43839550006288847,0.025454573794236213,"2023,2024,2025",16,0.46165029405255587,1.7734203403295898,0.9135801753213044,-0.9135801753213044,30,0.06451612903225806,prior_season_only,true,0.46165029405255587,0.46165029405255587,0.0,0.0
2026,0,SF,team_offense.early_down_epa_per_play,team_offense,higher_better,UNVALIDATED_RANK_PERSISTENT,17,1095,0.0235813827472705,-0.005377369437322377,0.078391754097071,"2023,2024,2025",8,0.014314582048200783,0.3694106927207396,0.251199271050103,0.251199271050103,14,0.5806451612903226,prior_season_only,true,0.014314582048200783,0.014314582048200783,0.0,0.0
2026,0,SF,team_offense.epa_per_play,team_offense,higher_better,VALIDATED_PERSISTENCE,17,1095,0.09095765987743379,-0.00013083193528753284,0.09208398177730366,"2023,2024,2025",8,0.061809342497362973,0.9891893253813695,0.6726487412593313,0.6726487412593313,6,0.8387096774193549,prior_season_only,true,0.061809342497362973,0.061809342497362973,0.0,0.0
2026,0,SF,team_offense.explosive_pass_rate,team_offense,higher_better,RANK_PERSISTENT,17,1095,0.08173076923076923,0.0795744413888399,0.017733172299595607,"2023,2024,2025",16,0.0806852769437732,0.12159853891333955,0.0626416715614177,0.0626416715614177,13,0.6129032258064516,prior_season_only,true,0.0806852769437732,0.0806852769437732,0.0,0.0
2026,0,SF,team_offense.explosive_rush_rate,team_offense,higher_better,NOT_RANK_PERSISTENT,17,1095,0.08577878103837472,0.09901553176727344,0.01953435294400914,"2023,2024,2025",16,0.09219659957359834,-0.6776139842890581,-0.3490738706943634,-0.3490738706943634,23,0.2903225806451613,prior_season_only,false,0.09219659957359834,0.09219659957359834,0.0,0.0
2026,0,SF,team_offense.pass_epa_per_dropback,team_offense,higher_better,UNVALIDATED_RANK_PERSISTENT,17,1095,0.16734389233592653,0.030780199231029884,0.1279708212728859,"2023,2024,2025",8,0.1236435105423596,1.0671471179643932,0.7256600402157873,0.7256600402157873,6,0.8387096774193549,prior_season_only,true,0.1236435105423596,0.1236435105423596,0.0,0.0
2026,0,SF,team_offense.pass_success_rate,team_offense,higher_better,UNVALIDATED_RANK_PERSISTENT,17,1095,0.5272435897435898,0.4520797072840564,0.04182371000768115,"2023,2024,2025",8,0.5031911473565391,1.7971596122326097,1.222068536318176,1.222068536318176,2,0.9516129032258065,prior_season_only,true,0.5031911473565391,0.5031911473565391,0.0,0.0
2026,0,SF,team_offense.proe,team_offense,neutral,VALIDATED_PERSISTENCE,17,1095,-0.030148407313377347,-0.047704012843975276,0.034857526884517355,"2023,2024,2025",4,-0.03349233217634838,0.5036388722802819,0.4077076585126092,0.0,,,prior_season_only,false,-0.03349233217634838,-0.03349233217634838,0.0,0.0
2026,0,SF,team_offense.rush_epa_per_play,team_offense,higher_better,RANK_PERSISTENT,17,1095,-0.032849587085796196,-0.08060335268387975,0.07536384453942868,"2023,2024,2025",16,-0.0560029279818367,0.6336429078150312,0.3264221040259252,0.3264221040259252,10,0.7096774193548387,prior_season_only,true,-0.0560029279818367,-0.0560029279818367,0.0,0.0
2026,0,SF,team_offense.rush_success_rate,team_offense,higher_better,RANK_PERSISTENT,17,1095,0.417607223476298,0.4003685439967535,0.03852021536879744,"2023,2024,2025",12,0.41047397679510716,0.4475229256767955,0.26234102539674264,0.26234102539674264,13,0.6129032258064516,prior_season_only,true,0.41047397679510716,0.41047397679510716,0.0,0.0
2026,0,SF,team_offense.success_rate,team_offense,higher_better,VALIDATED_PERSISTENCE,17,1095,0.4849315068493151,0.4369580638820209,0.03373700043770765,"2023,2024,2025",4,0.4757937081888781,1.4219830555438036,1.1511291402021275,1.1511291402021275,3,0.9354838709677419,prior_season_only,true,0.4757937081888781,0.4757937081888781,0.0,0.0
2026,0,TB,pass_protection.qb_hit_rate_allowed,pass_protection,lower_better,UNVALIDATED_RANK_PERSISTENT,17,638,0.0877742946708464,0.14499729036016004,0.03272124457668314,"2023,2024,2025",8,0.10608565329142676,-1.7488025418840647,-1.189185728481164,1.189185728481164,1,1.0,prior_season_only,true,0.10608565329142676,0.10608565329142676,0.0,0.0
2026,0,TB,pass_protection.rush_stuffed_rate_approx,pass_protection,lower_better,RANK_PERSISTENT,17,638,0.21064814814814814,0.20453393402173106,0.032349993802877404,"2023,2024,2025",16,0.20768368069291562,0.18900201847560302,0.09736467618440173,-0.09736467618440173,23,0.2903225806451613,prior_season_only,false,0.20768368069291562,0.20768368069291562,0.0,0.0
2026,0,TB,pass_protection.sack_rate_allowed,pass_protection,lower_better,UNVALIDATED_RANK_PERSISTENT,17,638,0.05956112852664577,0.06640532746445256,0.01878109141151444,"2023,2024,2025",8,0.06175127218674394,-0.3644196595311125,-0.24780536848115636,0.24780536848115636,13,0.6129032258064516,prior_season_only,true,0.06175127218674394,0.06175127218674394,0.0,0.0
2026,0,TB,pass_rush.qb_hit_rate_generated,pass_rush,higher_better,RANK_PERSISTENT,17,640,0.134375,0.1441739694155678,0.023402668900553904,"2023,2024,2025",16,0.1391260154742147,-0.4187116203372799,-0.21569992562829549,-0.21569992562829549,25,0.22580645161290322,prior_season_only,true,0.1391260154742147,0.1391260154742147,0.0,0.0
2026,0,TB,pass_rush.sack_rate_generated,pass_rush,higher_better,NOT_RANK_PERSISTENT,17,640,0.0578125,0.06604664154487218,0.012051753475340252,"2023,2024,2025",14,0.061531144568651955,-0.6832318269470496,-0.37467551800322063,-0.37467551800322063,23,0.2903225806451613,prior_season_only,true,0.061531144568651955,0.061531144568651955,0.0,0.0
2026,0,TB,special_teams.fg_pct,special_teams,higher_better,NOT_RANK_PERSISTENT,17,223,0.8421052631578947,0.8507127173905934,0.06913215135025523,"2023,2024,2025",16,0.8462785743010214,-0.12450725262532901,-0.06414009983729006,-0.06414009983729006,21,0.3548387096774194,prior_season_only,false,0.8462785743010214,0.8462785743010214,0.0,0.0
2026,0,TB,special_teams.st_epa_per_play,special_teams,higher_better,RANK_PERSISTENT,17,223,0.02539502513253102,0.06223172610307078,0.09283786774459722,"2023,2024,2025",16,0.04325524378491394,-0.3967852974809786,-0.2044045471871708,-0.2044045471871708,26,0.1935483870967742,prior_season_only,true,0.04325524378491394,0.04325524378491394,0.0,0.0
2026,0,TB,team_defense.early_down_epa_per_play,team_defense,lower_better,RANK_PERSISTENT,17,1025,0.0446203101008487,-0.0013076969094549817,0.06388279864549935,"2023,2024,2025",16,0.02235218548979237,0.7189416867155269,0.3703638992170896,-0.3703638992170896,22,0.3225806451612903,prior_season_only,true,0.02235218548979237,0.02235218548979237,0.0,0.0
2026,0,TB,team_defense.epa_per_play,team_defense,lower_better,RANK_PERSISTENT,17,1025,0.016587837507092033,0.004591155429042401,0.06774676986235148,"2023,2024,2025",16,0.010771264378340695,0.17708124095694305,0.09122366958387974,-0.09122366958387974,17,0.4838709677419355,prior_season_only,true,0.010771264378340695,0.010771264378340695,0.0,0.0
2026,0,TB,team_defense.explosive_pass_rate,team_defense,lower_better,NOT_RANK_PERSISTENT,17,1025,0.0859375,0.07968322075124035,0.01121813986620499,"2023,2024,2025",14,0.08311298679088273,0.5575148218289623,0.3057339345513661,-0.3057339345513661,24,0.25806451612903225,prior_season_only,false,0.08311298679088273,0.08311298679088273,0.0,0.0
2026,0,TB,team_defense.explosive_rush_rate,team_defense,lower_better,RANK_PERSISTENT,17,1025,0.09014084507042254,0.09995627452646601,0.020596023639878284,"2023,2024,2025",16,0.09489984117032241,-0.47656914886418694,-0.24550531911185366,0.24550531911185366,13,0.6129032258064516,prior_season_only,true,0.09489984117032241,0.09489984117032241,0.0,0.0
2026,0,TB,team_defense.pass_epa_per_dropback,team_defense,lower_better,RANK_PERSISTENT,17,1025,0.08611694897131154,0.03612076420012932,0.09487757506079898,"2023,2024,2025",16,0.06187637453679895,0.5269547070437236,0.271461515749797,-0.271461515749797,20,0.3870967741935484,prior_season_only,true,0.06187637453679895,0.06187637453679895,0.0,0.0
2026,0,TB,team_defense.pass_success_rate,team_defense,lower_better,RANK_PERSISTENT,17,1025,0.496875,0.45363962350332016,0.03204062541287013,"2023,2024,2025",16,0.47591239321373097,1.3493924022879091,0.6951415405725585,-0.6951415405725585,27,0.16129032258064516,prior_season_only,true,0.47591239321373097,0.47591239321373097,0.0,0.0
2026,0,TB,team_defense.rush_epa_per_play,team_defense,lower_better,NOT_RANK_PERSISTENT,17,1025,-0.1167774235552192,-0.07599918977141418,0.064949391344954,"2023,2024,2025",14,-0.09836144700769435,-0.6278462806098818,-0.34430279904412875,0.34430279904412875,5,0.8709677419354839,prior_season_only,true,-0.09836144700769435,-0.09836144700769435,0.0,0.0
2026,0,TB,team_defense.rush_success_rate,team_defense,lower_better,RANK_PERSISTENT,17,1025,0.36619718309859156,0.4019777133617364,0.032975036932461385,"2023,2024,2025",16,0.38354531898375266,-1.0850793082182006,-0.5589802496881647,0.5589802496881647,4,0.9032258064516129,prior_season_only,true,0.38354531898375266,0.38354531898375266,0.0,0.0
2026,0,TB,team_defense.success_rate,team_defense,lower_better,RANK_PERSISTENT,17,1025,0.45170731707317074,0.43839550006288847,0.025454573794236213,"2023,2024,2025",16,0.4452531027651551,0.5229636574506908,0.26940552050490224,-0.26940552050490224,20,0.3870967741935484,prior_season_only,true,0.4452531027651551,0.4452531027651551,0.0,0.0
2026,0,TB,team_offense.early_down_epa_per_play,team_offense,higher_better,UNVALIDATED_RANK_PERSISTENT,17,1116,0.015024590561589867,-0.005377369437322377,0.078391754097071,"2023,2024,2025",8,0.00849596336193795,0.2602564546986523,0.17697438919508354,0.17697438919508354,18,0.45161290322580644,prior_season_only,true,0.00849596336193795,0.00849596336193795,0.0,0.0
2026,0,TB,team_offense.epa_per_play,team_offense,higher_better,VALIDATED_PERSISTENCE,17,1116,0.005688207621997412,-0.00013083193528753284,0.09208398177730366,"2023,2024,2025",8,0.0038261149636662295,0.0631927447637716,0.042971066439364686,0.042971066439364686,20,0.3870967741935484,prior_season_only,true,0.0038261149636662295,0.0038261149636662295,0.0,0.0
2026,0,TB,team_offense.explosive_pass_rate,team_offense,higher_better,RANK_PERSISTENT,17,1116,0.08620689655172414,0.0795744413888399,0.017733172299595607,"2023,2024,2025",16,0.0829911607151742,0.37401402585117227,0.19267389210514924,0.19267389210514924,9,0.7419354838709677,prior_season_only,true,0.0829911607151742,0.0829911607151742,0.0,0.0
2026,0,TB,team_offense.explosive_rush_rate,team_offense,higher_better,NOT_RANK_PERSISTENT,17,1116,0.0787037037037037,0.09901553176727344,0.01953435294400914,"2023,2024,2025",16,0.08855186276482843,-1.0398004030022931,-0.5356547530617872,-0.5356547530617872,25,0.22580645161290322,prior_season_only,false,0.08855186276482843,0.08855186276482843,0.0,0.0
2026,0,TB,team_offense.pass_epa_per_dropback,team_offense,higher_better,UNVALIDATED_RANK_PERSISTENT,17,1116,0.04133070048028343,0.030780199231029884,0.1279708212728859,"2023,2024,2025",8,0.03795454008052229,0.08244458497891156,0.05606231778565984,0.05606231778565984,16,0.5161290322580645,prior_season_only,true,0.03795454008052229,0.03795454008052229,0.0,0.0
2026,0,TB,team_offense.pass_success_rate,team_offense,higher_better,UNVALIDATED_RANK_PERSISTENT,17,1116,0.44043887147335425,0.4520797072840564,0.04182371000768115,"2023,2024,2025",8,0.44416393893277895,-0.2783310186629601,-0.18926509269081265,-0.18926509269081265,23,0.2903225806451613,prior_season_only,true,0.44416393893277895,0.44416393893277895,0.0,0.0
2026,0,TB,team_offense.proe,team_offense,neutral,VALIDATED_PERSISTENCE,17,1116,-0.06941189140241633,-0.047704012843975276,0.034857526884517355,"2023,2024,2025",4,-0.0652770573912847,-0.6227601467642566,-0.5041391664282078,-0.0,,,prior_season_only,false,-0.0652770573912847,-0.0652770573912847,0.0,0.0
2026,0,TB,team_offense.rush_epa_per_play,team_offense,higher_better,RANK_PERSISTENT,17,1116,-0.0872503566199614,-0.08060335268387975,0.07536384453942868,"2023,2024,2025",16,-0.0840275668327703,-0.08819884357948447,-0.04543576790458288,-0.04543576790458288,24,0.25806451612903225,prior_season_only,true,-0.0840275668327703,-0.0840275668327703,0.0,0.0
2026,0,TB,team_offense.rush_success_rate,team_offense,higher_better,RANK_PERSISTENT,17,1116,0.40046296296296297,0.4003685439967535,0.03852021536879744,"2023,2024,2025",12,0.40042389304591075,0.002451153642457788,0.0014368831697162865,0.0014368831697162865,21,0.3548387096774194,prior_season_only,true,0.40042389304591075,0.40042389304591075,0.0,0.0
2026,0,TB,team_offense.success_rate,team_offense,higher_better,VALIDATED_PERSISTENCE,17,1116,0.4327956989247312,0.4369580638820209,0.03373700043770765,"2023,2024,2025",4,0.4335885303451673,-0.12337685340388087,-0.09987650037457062,-0.09987650037457062,21,0.3548387096774194,prior_season_only,true,0.4335885303451673,0.4335885303451673,0.0,0.0
2026,0,TEN,pass_protection.qb_hit_rate_allowed,pass_protection,lower_better,UNVALIDATED_RANK_PERSISTENT,17,646,0.17027863777089783,0.14499729036016004,0.03272124457668314,"2023,2024,2025",8,0.16218860659946174,0.7726279283628791,0.5253869912867579,-0.5253869912867579,23,0.2903225806451613,prior_season_only,true,0.16218860659946174,0.16218860659946174,0.0,0.0
2026,0,TEN,pass_protection.rush_stuffed_rate_approx,pass_protection,lower_better,RANK_PERSISTENT,17,646,0.19444444444444445,0.20453393402173106,0.032349993802877404,"2023,2024,2025",16,0.19933631817888645,-0.3118853635263817,-0.16066821757419653,0.16066821757419653,15,0.5483870967741935,prior_season_only,false,0.19933631817888645,0.19933631817888645,0.0,0.0
2026,0,TEN,pass_protection.sack_rate_allowed,pass_protection,lower_better,UNVALIDATED_RANK_PERSISTENT,17,646,0.08668730650154799,0.06640532746445256,0.01878109141151444,"2023,2024,2025",8,0.08019707320967745,1.0799148245804722,0.734342080714721,-0.734342080714721,27,0.16129032258064516,prior_season_only,true,0.08019707320967745,0.08019707320967745,0.0,0.0
2026,0,TEN,pass_rush.qb_hit_rate_generated,pass_rush,higher_better,RANK_PERSISTENT,17,596,0.15436241610738255,0.1441739694155678,0.023402668900553904,"2023,2024,2025",16,0.1494225631658966,0.43535405022004214,0.22427329859820377,0.22427329859820377,13,0.6129032258064516,prior_season_only,true,0.1494225631658966,0.1494225631658966,0.0,0.0
2026,0,TEN,pass_rush.sack_rate_generated,pass_rush,higher_better,NOT_RANK_PERSISTENT,17,596,0.07046979865771812,0.06604664154487218,0.012051753475340252,"2023,2024,2025",14,0.06847224383256188,0.36701357374231064,0.20126550818126682,0.20126550818126682,10,0.7096774193548387,prior_season_only,true,0.06847224383256188,0.06847224383256188,0.0,0.0
2026,0,TEN,special_teams.fg_pct,special_teams,higher_better,NOT_RANK_PERSISTENT,17,242,0.8055555555555556,0.8507127173905934,0.06913215135025523,"2023,2024,2025",16,0.8274499370513315,-0.6532005868911976,-0.336497272034859,-0.336497272034859,26,0.1935483870967742,prior_season_only,false,0.8274499370513315,0.8274499370513315,0.0,0.0
2026,0,TEN,special_teams.st_epa_per_play,special_teams,higher_better,RANK_PERSISTENT,17,242,0.12755516081996057,0.06223172610307078,0.09283786774459722,"2023,2024,2025",16,0.09588319247237764,0.7036292011423467,0.3624756490733302,0.3624756490733302,13,0.6129032258064516,prior_season_only,true,0.09588319247237764,0.09588319247237764,0.0,0.0
2026,0,TEN,team_defense.early_down_epa_per_play,team_defense,lower_better,RANK_PERSISTENT,17,1035,0.089656809589919,-0.0013076969094549817,0.06388279864549935,"2023,2024,2025",16,0.04555280643870738,1.4239280123614713,0.7335386730346973,-0.7335386730346973,27,0.16129032258064516,prior_season_only,true,0.04555280643870738,0.04555280643870738,0.0,0.0
2026,0,TEN,team_defense.epa_per_play,team_defense,lower_better,RANK_PERSISTENT,17,1035,0.1059852236490502,0.004591155429042401,0.06774676986235148,"2023,2024,2025",16,0.05682446329995551,1.4966627696939827,0.7710080934787183,-0.7710080934787183,28,0.12903225806451613,prior_season_only,true,0.05682446329995551,0.05682446329995551,0.0,0.0
2026,0,TEN,team_defense.explosive_pass_rate,team_defense,lower_better,NOT_RANK_PERSISTENT,17,1035,0.09731543624161074,0.07968322075124035,0.01121813986620499,"2023,2024,2025",14,0.08935250021370153,1.5717592845751558,0.8619325108960534,-0.8619325108960534,29,0.0967741935483871,prior_season_only,false,0.08935250021370153,0.08935250021370153,0.0,0.0
2026,0,TEN,team_defense.explosive_rush_rate,team_defense,lower_better,RANK_PERSISTENT,17,1035,0.09181141439205956,0.09995627452646601,0.020596023639878284,"2023,2024,2025",16,0.09576043748752935,-0.3954578940488428,-0.20372073329788865,0.20372073329788865,17,0.4838709677419355,prior_season_only,true,0.09576043748752935,0.09576043748752935,0.0,0.0
2026,0,TEN,team_defense.pass_epa_per_dropback,team_defense,lower_better,RANK_PERSISTENT,17,1035,0.18611026037339357,0.03612076420012932,0.09487757506079898,"2023,2024,2025",16,0.11338808041059878,1.5808740482368853,0.8143896612129409,-0.8143896612129409,29,0.0967741935483871,prior_season_only,true,0.11338808041059878,0.11338808041059878,0.0,0.0
2026,0,TEN,team_defense.pass_success_rate,team_defense,lower_better,RANK_PERSISTENT,17,1035,0.4899328859060403,0.45363962350332016,0.03204062541287013,"2023,2024,2025",16,0.47233615261987294,1.1327264039028961,0.5835257232227038,-0.5835257232227038,25,0.22580645161290322,prior_season_only,true,0.47233615261987294,0.47233615261987294,0.0,0.0
2026,0,TEN,team_defense.rush_epa_per_play,team_defense,lower_better,NOT_RANK_PERSISTENT,17,1035,-0.04257025581413747,-0.07599918977141418,0.064949391344954,"2023,2024,2025",14,-0.05766719373032695,0.5146920281320518,0.28225046704015744,-0.28225046704015744,20,0.3870967741935484,prior_season_only,true,-0.05766719373032695,-0.05766719373032695,0.0,0.0
2026,0,TEN,team_defense.rush_success_rate,team_defense,lower_better,RANK_PERSISTENT,17,1035,0.3870967741935484,0.4019777133617364,0.032975036932461385,"2023,2024,2025",16,0.3943117750023668,-0.45127892346767506,-0.23247702118031738,0.23247702118031738,8,0.7741935483870968,prior_season_only,true,0.3943117750023668,0.3943117750023668,0.0,0.0
2026,0,TEN,team_defense.success_rate,team_defense,lower_better,RANK_PERSISTENT,17,1035,0.45410628019323673,0.43839550006288847,0.025454573794236213,"2023,2024,2025",16,0.4464889322512497,0.6172085322405094,0.31795591054814115,-0.31795591054814115,22,0.3225806451612903,prior_season_only,true,0.4464889322512497,0.4464889322512497,0.0,0.0
2026,0,TEN,team_offense.early_down_epa_per_play,team_offense,higher_better,UNVALIDATED_RANK_PERSISTENT,17,1046,-0.10563292589320275,-0.005377369437322377,0.078391754097071,"2023,2024,2025",8,-0.07355114782732104,-1.2789043645041525,-0.8696549678628238,-0.8696549678628238,30,0.06451612903225806,prior_season_only,true,-0.07355114782732104,-0.07355114782732104,0.0,0.0
2026,0,TEN,team_offense.epa_per_play,team_offense,higher_better,VALIDATED_PERSISTENCE,17,1046,-0.14842680811935152,-0.00013083193528753284,0.09208398177730366,"2023,2024,2025",8,-0.10097209574045105,-1.6104426993904724,-1.0951010355855213,-1.0951010355855213,30,0.06451612903225806,prior_season_only,true,-0.10097209574045105,-0.10097209574045105,0.0,0.0
2026,0,TEN,team_offense.explosive_pass_rate,team_offense,higher_better,RANK_PERSISTENT,17,1046,0.06346749226006192,0.0795744413888399,0.017733172299595607,"2023,2024,2025",16,0.07127692214068154,-0.9082948530954775,-0.4679094697764583,-0.4679094697764583,28,0.12903225806451613,prior_season_only,true,0.07127692214068154,0.07127692214068154,0.0,0.0
2026,0,TEN,team_offense.explosive_rush_rate,team_offense,higher_better,NOT_RANK_PERSISTENT,17,1046,0.09444444444444444,0.09901553176727344,0.01953435294400914,"2023,2024,2025",16,0.0966607292070282,-0.23400249478091248,-0.12054673973562154,-0.12054673973562154,18,0.45161290322580644,prior_season_only,false,0.0966607292070282,0.0966607292070282,0.0,0.0
2026,0,TEN,team_offense.pass_epa_per_dropback,team_offense,higher_better,UNVALIDATED_RANK_PERSISTENT,17,1046,-0.1963281550311148,0.030780199231029884,0.1279708212728859,"2023,2024,2025",8,-0.12365348166722852,-1.774688573560509,-1.206788230021146,-1.206788230021146,31,0.03225806451612903,prior_season_only,true,-0.12365348166722852,-0.12365348166722852,0.0,0.0
2026,0,TEN,team_offense.pass_success_rate,team_offense,higher_better,UNVALIDATED_RANK_PERSISTENT,17,1046,0.3684210526315789,0.4520797072840564,0.04182371000768115,"2023,2024,2025",8,0.39519182212037174,-2.0002686188555034,-1.3601826608217416,-1.3601826608217416,31,0.03225806451612903,prior_season_only,true,0.39519182212037174,0.39519182212037174,0.0,0.0
2026,0,TEN,team_offense.proe,team_offense,neutral,VALIDATED_PERSISTENCE,17,1046,-0.06989117888787166,-0.047704012843975276,0.034857526884517355,"2023,2024,2025",4,-0.06566505202236758,-0.6365100460914009,-0.5152700373120862,-0.0,,,prior_season_only,false,-0.06566505202236758,-0.06566505202236758,0.0,0.0
2026,0,TEN,team_offense.rush_epa_per_play,team_offense,higher_better,RANK_PERSISTENT,17,1046,-0.1167548399116083,-0.08060335268387975,0.07536384453942868,"2023,2024,2025",16,-0.09922684610422476,-0.4796927153685068,-0.24711442912923076,-0.24711442912923076,27,0.16129032258064516,prior_season_only,true,-0.09922684610422476,-0.09922684610422476,0.0,0.0
2026,0,TEN,team_offense.rush_success_rate,team_offense,higher_better,RANK_PERSISTENT,17,1046,0.375,0.4003685439967535,0.03852021536879744,"2023,2024,2025",12,0.38549732855038077,-0.6585774184768131,-0.3860626246243382,-0.3860626246243382,27,0.16129032258064516,prior_season_only,true,0.38549732855038077,0.38549732855038077,0.0,0.0
2026,0,TEN,team_offense.success_rate,team_offense,higher_better,VALIDATED_PERSISTENCE,17,1046,0.37858508604206503,0.4369580638820209,0.03373700043770765,"2023,2024,2025",4,0.3897037484877709,-1.7302361526697179,-1.4006673616850103,-1.4006673616850103,31,0.03225806451612903,prior_season_only,true,0.3897037484877709,0.3897037484877709,0.0,0.0
2026,0,WAS,pass_protection.qb_hit_rate_allowed,pass_protection,lower_better,UNVALIDATED_RANK_PERSISTENT,17,564,0.13652482269503546,0.14499729036016004,0.03272124457668314,"2023,2024,2025",8,0.13923601234787533,-0.2589286494060186,-0.17607148159609257,0.17607148159609257,15,0.5483870967741935,prior_season_only,true,0.13923601234787533,0.13923601234787533,0.0,0.0
2026,0,WAS,pass_protection.rush_stuffed_rate_approx,pass_protection,lower_better,RANK_PERSISTENT,17,564,0.2091346153846154,0.20453393402173106,0.032349993802877404,"2023,2024,2025",16,0.20690398199655027,0.142215834442451,0.07326270259156603,-0.07326270259156603,21,0.3548387096774194,prior_season_only,false,0.20690398199655027,0.20690398199655027,0.0,0.0
2026,0,WAS,pass_protection.sack_rate_allowed,pass_protection,lower_better,UNVALIDATED_RANK_PERSISTENT,17,564,0.06560283687943262,0.06640532746445256,0.01878109141151444,"2023,2024,2025",8,0.065859633866639,-0.042728644860752965,-0.029055478505312253,0.029055478505312253,18,0.45161290322580644,prior_season_only,true,0.065859633866639,0.065859633866639,0.0,0.0
2026,0,WAS,pass_rush.qb_hit_rate_generated,pass_rush,higher_better,RANK_PERSISTENT,17,616,0.14285714285714285,0.1441739694155678,0.023402668900553904,"2023,2024,2025",16,0.14349560421880342,-0.05626822154432869,-0.028986659583442344,-0.028986659583442344,19,0.41935483870967744,prior_season_only,true,0.14349560421880342,0.14349560421880342,0.0,0.0
2026,0,WAS,pass_rush.sack_rate_generated,pass_rush,higher_better,NOT_RANK_PERSISTENT,17,616,0.06818181818181818,0.06604664154487218,0.012051753475340252,"2023,2024,2025",14,0.06721754486190708,0.17716730111638107,0.0971562619025313,0.0971562619025313,13,0.6129032258064516,prior_season_only,true,0.06721754486190708,0.06721754486190708,0.0,0.0
2026,0,WAS,special_teams.fg_pct,special_teams,higher_better,NOT_RANK_PERSISTENT,17,218,0.7666666666666667,0.8507127173905934,0.06913215135025523,"2023,2024,2025",16,0.8074162670176614,-1.2157302945500825,-0.6262853032530732,-0.6262853032530732,29,0.0967741935483871,prior_season_only,false,0.8074162670176614,0.8074162670176614,0.0,0.0
2026,0,WAS,special_teams.st_epa_per_play,special_teams,higher_better,RANK_PERSISTENT,17,218,0.11862650307612119,0.06223172610307078,0.09283786774459722,"2023,2024,2025",16,0.09128358090736947,0.6074544616663963,0.31293108631299205,0.31293108631299205,15,0.5483870967741935,prior_season_only,true,0.09128358090736947,0.09128358090736947,0.0,0.0
2026,0,WAS,team_defense.early_down_epa_per_play,team_defense,lower_better,RANK_PERSISTENT,17,1116,0.14825295138689684,-0.0013076969094549817,0.06388279864549935,"2023,2024,2025",16,0.07573869766745353,2.3411724512305567,1.206058535482408,-1.206058535482408,32,0.0,prior_season_only,true,0.07573869766745353,0.07573869766745353,0.0,0.0
2026,0,WAS,team_defense.epa_per_play,team_defense,lower_better,RANK_PERSISTENT,17,1116,0.15171008137572292,0.004591155429042401,0.06774676986235148,"2023,2024,2025",16,0.08037969303793842,2.171600598015199,1.118703338371466,-1.118703338371466,31,0.03225806451612903,prior_season_only,true,0.08037969303793842,0.08037969303793842,0.0,0.0
2026,0,WAS,team_defense.explosive_pass_rate,team_defense,lower_better,NOT_RANK_PERSISTENT,17,1116,0.08603896103896104,0.07968322075124035,0.01121813986620499,"2023,2024,2025",14,0.08316862671547427,0.5665591946190265,0.31069375188785303,-0.31069375188785303,25,0.22580645161290322,prior_season_only,false,0.08316862671547427,0.08316862671547427,0.0,0.0
2026,0,WAS,team_defense.explosive_rush_rate,team_defense,lower_better,RANK_PERSISTENT,17,1116,0.11764705882352941,0.09995627452646601,0.020596023639878284,"2023,2024,2025",16,0.10906970886131685,0.8589417358606193,0.44248513665547057,-0.44248513665547057,26,0.1935483870967742,prior_season_only,true,0.10906970886131685,0.10906970886131685,0.0,0.0
2026,0,WAS,team_defense.pass_epa_per_dropback,team_defense,lower_better,RANK_PERSISTENT,17,1116,0.2240327537781693,0.03612076420012932,0.09487757506079898,"2023,2024,2025",16,0.13292391034639234,1.9805732751666887,1.0202953235707182,-1.0202953235707182,30,0.06451612903225806,prior_season_only,true,0.13292391034639234,0.13292391034639234,0.0,0.0
2026,0,WAS,team_defense.pass_success_rate,team_defense,lower_better,RANK_PERSISTENT,17,1116,0.49837662337662336,0.45363962350332016,0.03204062541287013,"2023,2024,2025",16,0.4766859567713854,1.3962586340569112,0.7192847508778021,-0.7192847508778021,28,0.12903225806451613,prior_season_only,true,0.4766859567713854,0.4766859567713854,0.0,0.0
2026,0,WAS,team_defense.rush_epa_per_play,team_defense,lower_better,NOT_RANK_PERSISTENT,17,1116,0.026154891494659833,-0.07599918977141418,0.064949391344954,"2023,2024,2025",14,-0.019979209722276826,1.572825844102548,0.8625173983788165,-0.8625173983788165,28,0.12903225806451613,prior_season_only,true,-0.019979209722276826,-0.019979209722276826,0.0,0.0
2026,0,WAS,team_defense.rush_success_rate,team_defense,lower_better,RANK_PERSISTENT,17,1116,0.4444444444444444,0.4019777133617364,0.032975036932461385,"2023,2024,2025",16,0.42385451422252535,1.2878448375869085,0.6634352193629522,-0.6634352193629522,29,0.0967741935483871,prior_season_only,true,0.42385451422252535,0.42385451422252535,0.0,0.0
2026,0,WAS,team_defense.success_rate,team_defense,lower_better,RANK_PERSISTENT,17,1116,0.478494623655914,0.43839550006288847,0.025454573794236213,"2023,2024,2025",16,0.4590526243380834,1.5753209587074424,0.8115289787280756,-0.8115289787280756,28,0.12903225806451613,prior_season_only,true,0.4590526243380834,0.4590526243380834,0.0,0.0
2026,0,WAS,team_offense.early_down_epa_per_play,team_offense,higher_better,UNVALIDATED_RANK_PERSISTENT,17,1029,0.03605607561512729,-0.005377369437322377,0.078391754097071,"2023,2024,2025",8,0.0227973731983434,0.5285434103329725,0.35940951902642126,0.35940951902642126,11,0.6774193548387096,prior_season_only,true,0.0227973731983434,0.0227973731983434,0.0,0.0
2026,0,WAS,team_offense.epa_per_play,team_offense,higher_better,VALIDATED_PERSISTENCE,17,1029,0.034727880014568065,-0.00013083193528753284,0.09208398177730366,"2023,2024,2025",8,0.023573092190614275,0.3785534821263276,0.25741636784590277,0.25741636784590277,16,0.5161290322580645,prior_season_only,true,0.023573092190614275,0.023573092190614275,0.0,0.0
2026,0,WAS,team_offense.explosive_pass_rate,team_offense,higher_better,RANK_PERSISTENT,17,1029,0.07092198581560284,0.0795744413888399,0.017733172299595607,"2023,2024,2025",16,0.07511711579050566,-0.48792485783462286,-0.25135522979359354,-0.25135522979359354,21,0.3548387096774194,prior_season_only,true,0.07511711579050566,0.07511711579050566,0.0,0.0
2026,0,WAS,team_offense.explosive_rush_rate,team_offense,higher_better,NOT_RANK_PERSISTENT,17,1029,0.11057692307692307,0.09901553176727344,0.01953435294400914,"2023,2024,2025",16,0.10497140001769902,0.5918492075364756,0.30489201600363924,0.30489201600363924,9,0.7419354838709677,prior_season_only,false,0.10497140001769902,0.10497140001769902,0.0,0.0
2026,0,WAS,team_offense.pass_epa_per_dropback,team_offense,higher_better,UNVALIDATED_RANK_PERSISTENT,17,1029,0.03779456398971501,0.030780199231029884,0.1279708212728859,"2023,2024,2025",8,0.03554996726693577,0.05481221960533989,0.03727230933163112,0.03727230933163112,18,0.45161290322580644,prior_season_only,true,0.03554996726693577,0.03554996726693577,0.0,0.0
2026,0,WAS,team_offense.pass_success_rate,team_offense,higher_better,UNVALIDATED_RANK_PERSISTENT,17,1029,0.4769503546099291,0.4520797072840564,0.04182371000768115,"2023,2024,2025",8,0.4689917474656498,0.5946542600191389,0.4043648968130144,0.4043648968130144,9,0.7419354838709677,prior_season_only,true,0.4689917474656498,0.4689917474656498,0.0,0.0
2026,0,WAS,team_offense.proe,team_offense,neutral,VALIDATED_PERSISTENCE,17,1029,-0.07766892572915624,-0.047704012843975276,0.034857526884517355,"2023,2024,2025",4,-0.07196132327483605,-0.8596396693447135,-0.6958987799457204,-0.0,,,prior_season_only,false,-0.07196132327483605,-0.07196132327483605,0.0,0.0
2026,0,WAS,team_offense.rush_epa_per_play,team_offense,higher_better,RANK_PERSISTENT,17,1029,-0.03883726907411408,-0.08060335268387975,0.07536384453942868,"2023,2024,2025",16,-0.0590874914303641,0.5541925821992081,0.2854931484056527,0.2854931484056527,11,0.6774193548387096,prior_season_only,true,-0.0590874914303641,-0.0590874914303641,0.0,0.0
2026,0,WAS,team_offense.rush_success_rate,team_offense,higher_better,RANK_PERSISTENT,17,1029,0.42788461538461536,0.4003685439967535,0.03852021536879744,"2023,2024,2025",12,0.41649865481032766,0.7143280774632104,0.4187440454094675,0.4187440454094675,10,0.7096774193548387,prior_season_only,true,0.41649865481032766,0.41649865481032766,0.0,0.0
2026,0,WAS,team_offense.success_rate,team_offense,higher_better,VALIDATED_PERSISTENCE,17,1029,0.4645286686103013,0.4369580638820209,0.03373700043770765,"2023,2024,2025",4,0.4592771248525336,0.817221577810008,0.6615603248938156,0.6615603248938156,9,0.7419354838709677,prior_season_only,true,0.4592771248525336,0.4592771248525336,0.0,0.0
